Bom dia,SAUDACAO,400
A mocinha ja entrou em contato com vcs pra saber como a gente faz pra cadastrar os produtos que não tem nota fiscal?,DUVIDA,400
Estamos concluindo o cadastro de produtos,INFORMACAO,400
E gostaria de saber como se faz com os produtos que não tem nota fiscal ?,DUVIDA,400
Bom dia,SAUDACAO,402
Agora eu gostaria de saber como a gente faz pra cadastrar os produtos que não tem nota fiscal,DUVIDA,404
No caso a gente pesquisa o ncm na internet?,DUVIDA,404
E o cfop encontra na Internet tbm?,DUVIDA,404
Com quem estou falando msm? Kkk,DUVIDA,404
Justamente So não faço é lembrar mais como faz kkkk,DUVIDA,404
Boa tarde,SAUDACAO,406
Como fracionar os medicamentos?,DUVIDA,406
Ai como a gente faz?,DUVIDA,406
Mas na formação de preço como faço?,DUVIDA,406
Me ensine ai a abrir o caixa,DUVIDA,406
Deu errado kkk,PROBLEMA,406
não está abrindo nem com valor inicial e nem sem nada....,PROBLEMA,406
Que horas encerra seu expediente?,DUVIDA,406
Bom dia,SAUDACAO,408
MAYLLANA?,DUVIDA,408
No caso as alterações não causam nenhum problema né?,DUVIDA,408
Bom dia,SAUDACAO,410
Preciso falar urgente c Erisson,PROBLEMA,410
Quero saber da alteracao do meu sostema,DUVIDA,410
Mas ai no caso vou ter qye colocar o valor de todos na venda ne,DUVIDA,412
Bom dia,SAUDACAO,414
Maylana.?,DUVIDA,414
Quem é Então?,DUVIDA,414
Bom dia,SAUDACAO,416
Quem é?,SAUDACAO,416
Fui la e coloquei o estoque atua Mas não mudou não,PROBLEMA,416
Tenho outra Dúvida,DUVIDA,416
Msm eu tendo colocado ja o código do pacotinho.?,DUVIDA,416
Bom dia,SAUDACAO,418
Maylana?,DUVIDA,418
Gostaria que me ensinasse a fazer uma nota fiscal eletrônica,DUVIDA,418
Ai no caso aki o qie eu entendi é que não vai ser direta pq os produtos ja estão no estoque,DUVIDA,418
Ja passei a venda Falta so confirmar E não sei como faço,DUVIDA,418
Bom dia,SAUDACAO,420
Lyslaine quando possível ligue pra nós,PROBLEMA,420
Pode ligar,DUVIDA,420
Boa tarde,SAUDACAO,420
P gente v a questão da sangriab,PROBLEMA,420
Bom dia. Pessoal estou com problemas novamente em um dos caixas. Estou usando apenas a pré-venda.,PROBLEMA,421
Pois o de passar vendas não está dando certo.,PROBLEMA,421
Voces podem acessar nosso sistema agora ?.,DUVIDA,421
Boa tarde,SAUDACAO,421
Mais um problema em um dos caixas.,PROBLEMA,421
Vocês podem acessar nosso sistema agora ?.,DUVIDA,421
Bom dia,SAUDACAO,424
Lyslaine?,DUVIDA,424
Cheguei agora e ainda continua,PROBLEMA,424
Como faz p sair dessa q ta na frente ?,DUVIDA,424
Boa tarde,SAUDACAO,426
Nao abre mesmo colocando a senha,PROBLEMA,426
Sera q foi por causa dessa atualização do java ????,DUVIDA,426
Se vc restaurar  o sistema?,DUVIDA,426
Pq foi instalado um programa2,DUVIDA,426
E agora?,DUVIDA,426
Vc quer a senha novamentev?,DUVIDA,426

Bom dia,SAUDACAO,428
Vc sabe como e q ta salvo aqui pois ele nao esta encontrndo,PROBLEMA,428
Vc pode ligar p mim,SAUDACAO,428
A iris ta pedindo p vc ligar p ela pois não ta conseguindo falar com vc,PROBLEMA,428
Bom dia,SAUDACAO,430
Lislay?,DUVIDA,430
Boa noite,SAUDACAO,430
Bom dia,SAUDACAO,434
Sempre q aparecer eu salvo é,DUVIDA,434
Mais posso salvar ?,DUVIDA,434
não hj foi a primeira vez .inclusive nao imprimiu o papel da abertura de cx,PROBLEMA,434
Ta saido a fiscal mesmo,PROBLEMA,434
Só q sai em contigencia,PROBLEMA,434
Mais ta normal como todo dia mesmo .ultimamente sempre está em contingencia,PROBLEMA,434
É só assim ?,DUVIDA,434
Boa tardey tem como o rapaz usar o notebook porque ele tem que puxar umas notas pendentes da Sefaz para dar entrada só que ele precisa usar certificado digital ele tentou usar outra máquina mas não deu certo por conta do certificado só que eu fiquei com medo de dar problema novamente por isso estou lhe perguntando se pode ou não,DUVIDA,436
"Lislayne eu queria só saber se tem a opção de não imprimir a notinha .pq tem muitos clientes q não quer, se tivesse seria bom pq pouparia o papel",DUVIDA,440
Bom dia,SAUDACAO,442
Falo com quem ?,DUVIDA,442
Boa tarde ,SAUDACAO,442
"Pronto terminei de incluir os produtos,agora eu salvo ou associo os produtos ao existente?",DUVIDA,442
Só salva mesmo ? ,DUVIDA,442
Pronto ... será q deu certo?,DUVIDA,442
Bom dia,SAUDACAO,446
Lislayne???,DUVIDA,446
É q eu fui dar baiza na conta de uma cliente e na hora q foi imprimir o comprovante aparece uma mensagem dizendo q o pdv não está respondendo ....,PROBLEMA,446
Então não sei como fazer vc pode me ajudar ?,DUVIDA,446
Aproveitando quero lhe perguntar se ja foi atualizado o sistema p imprimir notinha só se quiser ou não?,DUVIDA,446
Bom dia,SAUDACAO,448
Movimento- total vendido?,DUVIDA,448
O a prazo é referente a duplicata?,DUVIDA,448
Nao estamos conseguindo salvar,PROBLEMA,448
Bom dia,SAUDACAO,450
Oi mayllana,SAUDACAO,450
"Ocorreu um erro aqui no fechamento de caixa de ontem, ao invés de ter sido digitado 1.134,95, foi digitado 134,95.",PROBLEMA,450
"Consequentemente teve uma diferença no calor geral de 1.000,00",PROBLEMA,450
"Tirando essa parte que não entendemos,  nos acha que só fazendo um investimento vai dar certo... mas antes entramos em contato com vcs pra saber se estamos corretas pra evitar mais erros",PROBLEMA,450
Então como a gente faz?,DUVIDA,450
Faz o investimento msm?,DUVIDA,450
"É essa diferença negativa de 739,00 Vc sabe explicar? ",DUVIDA,450
Correto?,DUVIDA,450
Oláaaaa,SAUDACAO,450
Sem problemas segunda agente entra em contato. É vc mesmo segunda ?,DUVIDA,450
Olá Boa tarde,SAUDACAO,452
"To tentando dar entrada na nota fiscal e está aparecendo essa mensagem,vc pode me ajudar com isso ?",PROBLEMA,452
Boa tarde,SAUDACAO,452
Tem como cancelar um haver recebido? ☹,DUVIDA,452
O cliente pagou e depois desistiu e agora está constando o pagamento no caixa e não tem o dinheiro lkkkkk,PROBLEMA,452
Bom dia,SAUDACAO,454
Demora muito p fazer isso ?,DUVIDA,454
Apareceu essa tela posso fechar,DUVIDA,454
Bom dia,SAUDACAO,455
Não estou conseguindo baixar as notas pelo XML,PROBLEMA,455
Não está aceitando a senha,PROBLEMA,455
Bom dia,SAUDACAO,456
E Se vcs tem um meio mais prático pra gente dar baixa em tudo que já foi vendido após ter sido lançado estoque☹...pq nós sinceramente não estamos sabendo como fazer,DUVIDA,456
Olá boa tarde,SAUDACAO,456
Foi com vc q falamos pela manhã?,DUVIDA,456
Oi,SAUDACAO,456
E agora?,DUVIDA,456
Ok?,DUVIDA,456
Ok agora?,DUVIDA,456
Certo?,DUVIDA,456
Um erro aki no preço,PROBLEMA,456
É agora?,DUVIDA,456
Como cancela a venda pra ajeitar o preço?,DUVIDA,456
Já mudei mais continua do mesmo jeito,PROBLEMA,456
Valia merma nada tá dando certo,PROBLEMA,456
Só consta um,PROBLEMA,456
Lança É?,DUVIDA,456
Só vamos sofrer ainda ajeitando preço de remédio pelo que percebi,PROBLEMA,456
Deu certo ne ?,DUVIDA,456
Valeime ta tudo com o preço errado,PROBLEMA,456
É a lyslaine msm?,DUVIDA,456
Se não quizer colocar valor dar certo?,DUVIDA,456
Explica ai agora...,DUVIDA,456
Cade teu áudio?  Kkkk,DUVIDA,456
Que horas encerra seu expediente?,DUVIDA,456
Boa noite,SAUDACAO,456
Boa tarde,SAUDACAO,458
Boa tarde ...,SAUDACAO,460
lislayne vc pode colocar aqui na lateral do computador aquele atalho q fica na area de trabalho.p lançar as notas por XML.,DUVIDA,460
É q qndo estamos usando o sistema não conseguimos voltar p area de trabalho,PROBLEMA,460
Boa tarde,SAUDACAO,462
Bom dia,SAUDACAO,464
Lislayne to sem sinal de internete .to usando aqui meus dados moveis,PROBLEMA,464
Entao posso fechar ?,DUVIDA,464
Bom dia,SAUDACAO,468
Lislayne????,DUVIDA,468
Agora nossa dúvida é: o dinheiro nao consta no caixa ne?,DUVIDA,468
E ai tá dando certo ai ? Kkkk,DUVIDA,468
Vc ta conectada ai tá,DUVIDA,468
Oi,SAUDACAO,470
Posso?,DUVIDA,470
Vc viu ai?,DUVIDA,470
Deu certo não,PROBLEMA,470
Pq os caixas não estão batendo e nós não sabe o que fazer ,PROBLEMA,470
Porem nos tem esse abençoado caderno que por sinal o Dr.João confia é nele e la consta um valor inferior e muito ,PROBLEMA,470
"Ja conferimos umas 4 vezes e a última consta em dinheiro 1.412,00 e no sistema tem bem mais",PROBLEMA,470
Bom dia!,SAUDACAO,472
Como ficou resolvido a implantação das novas impressoras?,DUVIDA,472

Bom dia,SAUDACAO,474
Boa tarde,SAUDACAO,474
Como ficou a impressora ?,DUVIDA,474
Bom dia,SAUDACAO,477
Nao estou consegiondo acessar anloja do sao cristovao,PROBLEMA,477
O q houve,DUVIDA,477
Como falo c Erisson...,DUVIDA,477
 Preciso ir pensoalmentr p falar c ele???,DUVIDA,477
Quem e????,DUVIDA,477
E agora a poico ja nao acessou,PROBLEMA,477
Moca e possivel vc resolver ou nao,DUVIDA,477
E preciso eu falar direto c gabriel sobre isso... uma vez q eu preciso acessar meus sistemas e nao acesso e busco vcs e nao resolvem,PROBLEMA,477
Boa tarde,SAUDACAO,477
Agora me diga como fazer a atualizacao....,DUVIDA,477
Ou nao vai mais ocorrer.... vinha ocorrendo p  conta do ddns?,DUVIDA,477
Boa tarde,SAUDACAO,477

Eneunlrecuso q seja corrigido,PROBLEMA,477
E a mailana???,DUVIDA,477
Vc pode flar agira j janiel,DUVIDA,477
O erro no desconto do produto,PROBLEMA,477
E nao ta correto,PROBLEMA,477
E possivel p agora ou. NAO,DUVIDA,477
Reinaldo,DUVIDA,477
Vc vai resolver o problema?,DUVIDA,477
Vc ja esta falando c janiel,DUVIDA,477
E vte a ser como era antes da alteracao,DUVIDA,477
Vc ja eata falando c ele,DUVIDA,477
Que tempo sera corrigido,DUVIDA,477
Bom dia,SAUDACAO,478
O ícone do pdv desapareceu da tela,PROBLEMA,478
Não estou emitindo cupom fiscal,PROBLEMA,478
Boa tarde!,SAUDACAO,480
Instalaram o pdv do caixa nas n o programa da farmácia popular,PROBLEMA,480
Bom dia,SAUDACAO,480
Estou com.esse terminal precisando cadastrar no site do ministério da saúde e,PROBLEMA,480
Boa tarde,SAUDACAO,484
Estou com problemas pra acessar o ícone do pré venda em um dos terminais de consulta de preço.,PROBLEMA,484
O ícone não abre,PROBLEMA,484
Bom dia. Um dos computadores já foi formatado. Gostaria do suporte de vocês para instalar o sistema.,PROBLEMA,488
Deu certo Reinaldo?.,DUVIDA,488
Reinaldo estou com problema no computador do escritório,PROBLEMA,488
Voce pode acessar e verificar?.,DUVIDA,488
Na verdade é erro no sistema mesmo. Ele fecha direto.,PROBLEMA,488
Nao estou conseguindo usar o sistema.,PROBLEMA,488
Nao estou conseguindo fechar a nota. Uma nota a vulso . Porém desde cedo ele está apresentando problema. O programa fecha e aparece algumas mensagens.,PROBLEMA,488
Você pode acessar nosso sistema agora,DUVIDA,488
Bom dia,SAUDACAO,490
Estou com problemas no telefone,PROBLEMA,490
E consta no dia 05/04 ?,DUVIDA,490
Mas não conseguimos efetuar a venda,PROBLEMA,490
Porque cobra alguns produtos,PROBLEMA,490
Que não é para cobrar,PROBLEMA,490
E realmente não consta a venda,PROBLEMA,490
Mas tentei fazer a venda e não consegui,PROBLEMA,490
Tento fazer o estorno e não consigo,PROBLEMA,490
Dois produtos não está sendo liberados,PROBLEMA,490
E não consigo efetuar a venda,PROBLEMA,490
A nova portaria já passou a vigorar ?,DUVIDA,490
Mas aí como faço pra fazer a venda dessa cliente ?,DUVIDA,490
Bom dia,SAUDACAO,492
Bom dia,SAUDACAO,494
Estou tendo problemas com servidor,PROBLEMA,494
Não abri e não consegui fazer redução z de sexta feira,PROBLEMA,494
Boa tarde!,SAUDACAO,498
Estou com problemas em um dos caixa,PROBLEMA,498
Não está fazendo venda da farmácia popular,PROBLEMA,498
Boa tarde!,SAUDACAO,498
Bom dia!!,SAUDACAO,499
Estou com problemas em todos os meus estoques,PROBLEMA,499
O sistema está multiplicando obestoque e gerando outros,PROBLEMA,499
Ha erro,PROBLEMA,499
Eu zerei esse produto pois não tinha na loja associei a outro mas continuou o estoque,PROBLEMA,499
Mas já encontramos vários produtos com estuques altos como ontem que tinha 34 na loja e mais de com no estoque,PROBLEMA,499
Sempre que encontramos é mais de cem,PROBLEMA,499
Deu um problema ao associar um produto,PROBLEMA,499
Bom dia,SAUDACAO,500
Tem como puxar a memória fiscal da impressora de cinco anos ?,DUVIDA,500
Bom dia,SAUDACAO,502
Bom dia,SAUDACAO,504
Bom dia,SAUDACAO,504
Eu tenho boletos em aberto com vocês?,DUVIDA,504
Como funciona?,DUVIDA,504
Bom dia,SAUDACAO,506
Estou tentando fechar o dia,PROBLEMA,506
Mais diz o inventário está aberto,PROBLEMA,506
Mais como q faço pra saber,DUVIDA,506
Mais quando ou q horas ?,DUVIDA,506
Bom dia,SAUDACAO,508
Pq o inventário não foi aceito ainda,DUVIDA,508
Mais não tô conseguindo,PROBLEMA,508
Tem como vc fazer não,DUVIDA,508
Já tentei não deu certo,PROBLEMA,508
Já posso da entrada nós medicamentos,DUVIDA,508
Bom dia,SAUDACAO,510
Bom dia,SAUDACAO,512
Agora o q devo fazer ?,DUVIDA,512
Bom dia,SAUDACAO,514
É isso ?,DUVIDA,514
Bom dia,SAUDACAO,521
Quero só confirmar com ele se foi apenas do ético,DUVIDA,521
Bom dia,SAUDACAO,522
Pode ligar agora,DUVIDA,522
Vc quero o id?,DUVIDA,522
O próximo arquivo a enviar 21/05/2018,DUVIDA,522
Né isso ?,DUVIDA,522
Estou tentando cancelar uma venda e esta aparecendo essa mensagem,PROBLEMA,524
Oi bom dia,SAUDACAO,526
Boa tarde,SAUDACAO,528
Estou com um probleminha aqui no sistema,PROBLEMA,528
Esta aparecendo certificado vencido,PROBLEMA,528
Oi bom dia,SAUDACAO,530
Nao estou conseguindo imprimir,PROBLEMA,530
Nao imprime tbm,PROBLEMA,530
"Boa tarde, estou precisando fazer reajuste de preços em determinada seção de produtos. Como vai se comportar o preço dos produtos fracionados( UND) ? Vão permanecer o mesmo ou reajustar na mesma proporção?",DUVIDA,532
Bom dia,SAUDACAO,534
Quando mando gerar o relatorio de movimento de vendas e compras pelo sistema e mando salvar em pdf nao esta dando certo,PROBLEMA,534
Vc pode salvar o arquivo ?,DUVIDA,534
Bom dia,SAUDACAO,536
N abre o sistema,PROBLEMA,536
Oi,SAUDACAO,538
Boa tarde,SAUDACAO,540
Do caixa? Ou la do balcao ?,DUVIDA,540
Pronto ?,DUVIDA,540
Bom dia,DUVIDA,542
Duplicatas?,DUVIDA,542
Mas tem dar baixa no debito que ja existe?,DUVIDA,542
Posso ir fechando as vendas ?,DUVIDA,542
Boa a tarde,SAUDACAO,543
Nao eata acessandono sistema da fabrica,PROBLEMA,543
Bom dia,SAUDACAO,544
Queria ajeitar o vencimento de uma nota que fechei errado,PROBLEMA,544
N abre nada,PROBLEMA,544
Bom dia,SAUDACAO,546
Quando vou acessar o sistema aparece essa mensagem e nao entra,PROBLEMA,546
Bom dia,SAUDACAO,548
Agora eu queria saber quem é que da o treinamento pra gente ?,DUVIDA,548
Bom dia,SAUDACAO,550
Nao consigo acessar o sistema,PROBLEMA,550
Ja reiniciei 2x e nao entra,PROBLEMA,550
Bom dia,SAUDACAO,552
Queria tirar umas duvidas a respeito da impressora fiscal,DUVIDA,552
Quebrou a alavanca,PROBLEMA,552
"Bom dia. Dinha entrou em contato com vocês hoje cedo. Já chegou um dos computadores que foram para manutenção. Preciso instalar o sistema e o certificado digital. Por favor me dêem um retorno mais breve possível, pois o computador é um dos nossos caixas, e precisamos muito dele.",PROBLEMA,554
Reinaldo se encontra?.,DUVIDA,554
O que pode ser ?,DUVIDA,554
O que seria ?.,DUVIDA,554
"Isso só quando instalasse o código digital, ou estou errada ?!.",DUVIDA,554
É bom o técnico verificar o windows para prever de possíveis problemas ?,DUVIDA,554
o rapaz que formatou ja falou com alguem da ir,DUVIDA,555
Bom dia,SAUDACAO,556
Estou com problemas na impressora fiscal,PROBLEMA,556
Oi,SAUDACAO,556
A impressora n ta imprimindo de novo,PROBLEMA,556
Bom dia,SAUDACAO,558
Oi,SAUDACAO,558
Deu impressora em estado de erro,PROBLEMA,558
Emulador ?,DUVIDA,558
Q é isso ?,DUVIDA,558
Oi bom dia,SAUDACAO,560
Tive uma venda cancelada,PROBLEMA,560
O codigo q apareceu foi o -135,PROBLEMA,560
Vc sabe me dizer o q significa esse codigo ?,DUVIDA,560
O pai quer saber pra que dia ficou agendado a alteracao de inventario ?,DUVIDA,562
A empresa não tem acesso ao banco no line? Pq o comprovante é DDA,DUVIDA,566
Bom dia,SAUDACAO,568
Agora fechou,PROBLEMA,568
Ficava dando erro -135,PROBLEMA,568
Bom dia,SAUDACAO,570
Pode ser ?,DUVIDA,570
Oi,SAUDACAO,572
Onde eu vejo ?,DUVIDA,572
Bom dia,SAUDACAO,573
Acho que ele deve ter comentado com vcs a respeito do problema que tivemos em relaçao a impress daruma,DUVIDA,573
Como faço pra identificar quem fez uma venda de um determinado produto pelo seu usuário e senha ??,DUVIDA,573
Vamo eu acesso qual janela primeiro,DUVIDA,573
E por produto tem como na mesma janela?,DUVIDA,573
Bom dia,SAUDACAO,574
O sistema não esta se communicando com a impressora,PROBLEMA,574
Bom dia,SAUDACAO,575
Foi feito atualização do sistema e a impressora não responde,PROBLEMA,575
Bom dia,SAUDACAO,576
A impressora dar uma nao esta respondendo,PROBLEMA,576
A impressora daruma não resonde,PROBLEMA,578
Bom dia,SAUDACAO,579
Boa tarde,SAUDACAO,579
O sistema do credshop foi instalado mas nao esta em comunicaçao com a impresora nao fiscal,PROBLEMA,579
Bom dia,SAUDACAO,579
E como faço a impressão da transferência?,DUVIDA,579
Quero deletar alguns produtos que não trabalho mais qual o procesimento,DUVIDA,579
Boa tarde,SAUDACAO,579
Foi feita uma atualização hoje só que o preço na tela de venda não pode ser alterado e pra gente fica melhor alterando direto na tela de venda,PROBLEMA,579
Oi,SAUDACAO,579
Por acaso seria possível uma impressão seguida da outra pelo sistema?,DUVIDA,579
Certo só que na mesma via e ou folha,DUVIDA,579
Se eu mandar um orçamento com 3 itens para impressão eu perco metade de uma folha a4,DUVIDA,579
Teria como fazer duas impressões na mesma folha?,DUVIDA,579
Boa tarde,SAUDACAO,579
Problema em tela...o pdv já esta executando,PROBLEMA,579
Bom dia,SAUDACAO,579
Acho que ele deve ter comentado com vcs a respeito do problema que tivemos em relaçao a impress daruma,PROBLEMA,579
Como faço pra identificar quem fez uma venda de um determinado produto pelo seu usuário e senha ???,DUVIDA,579
E por produto tem como na mesma janela?,DUVIDA,579
Bom dia,SAUDACAO,579
Bom dia,SAUDACAO,580
O relatório paf ecf deste mes ainda não foi registrado,PROBLEMA,580
Boa tarde,SAUDACAO,581
Bom dia,SAUDACAO,581
O sistema do credshop foi instalado mas nao esta em comunicaçao com a impresora nao fiscal,PROBLEMA,582
Bom dia,SAUDACAO,583
Preciso de configuração do sistema para a impressora 1020 mfsp kyocera e saber como consultar o estoque do deposito e imprimir a transferência do deposito p/loja e vice versa,PROBLEMA,583
E como faço a impressão da transferência?,DUVIDA,583
Quero deletar alguns produtos que não trabalho mais qual o procesimento,DUVIDA,586
Boa tarde,SAUDACAO,587
Foi feita uma atualização hoje só que o preço na tela de venda não pode ser alterado e pra gente fica melhor alterando direto na tela de venda,PROBLEMA,587
Oi,SAUDACAO,587
Por acaso seria possível uma impressão seguida da outra pelo sistema?,DUVIDA,587
Certo só que na mesma via e ou folha,DUVIDA,587
Teria como fazer duas impressões na mesma folha?,DUVIDA,587
Bom dia,SAUDACAO,588
Pode informar qual período do meu contrato ?,DUVIDA,588
Boa tarde,SAUDACAO,588
Já se encontra,DUVIDA,588
Boa tarde,SAUDACAO,589
Problema em tela...o pdv já esta executando,PROBLEMA,589
Bom dia,SAUDACAO,590
Boa tarde,SAUDACAO,590
É esse,DUVIDA,590
Boa tarde agora que são 12;07,SAUDACAO,591
Apagou tudo,PROBLEMA,591
So um terminal está funcionando,PROBLEMA,591
Sei que ja encerarao hj mais amanhã peço que me retorne o atendimento pois abrir o cx as 7:05 da manhã e encerrei as 14:20 e o resultado foi não houve vendas sendo que teve vendas e foram imprimidas todas as vendas não entendi nada,PROBLEMA,591
Ele pode?,DUVIDA,591
E porquê todo dia não estou conseguindo fechar  meu caixa e a qualquer momento o sistema para de funcionar eu estou tirando nota e o sistema sai  e fica a seguinte tela,PROBLEMA,591
 Este problema é desde o dia 27/06 foi vc mesmo que me atendeu mais não resovel o problema,PROBLEMA,591
Eu faço a indexação pois sei fazer mais não resolve,PROBLEMA,591
Veja Mayllana vc me atendeu hj por volta das 11:300hr e agora as 16:10 como ficou a tela do computador,PROBLEMA,591
Bom dia continua sim,SAUDACAO,591
Está so que eu reinicio o computador ai ele tirar algumas notas depois o problema volta novamente aí eu reiniciou,PROBLEMA,591
Bom dia,SAUDACAO,592
Bom dia,SAUDACAO,593
Veja foto de como está o servidor não abre o sistema nem internet,PROBLEMA,593
Não abril mais nada depois desta mensagem,PROBLEMA,593
Tem uma máquina que está funcionando o sistema,PROBLEMA,593
Posso lhe dá o cód do teamviewer,DUVIDA,593
So consigo abrir uma máquina o servidor não está abrindo nada,PROBLEMA,593
Como faço para abrir me ensine,DUVIDA,593
Me ensine a reiniciar quando aparece essa mensagem,DUVIDA,593
Veja o problema de sair do sistema quando estamos trabalhando,PROBLEMA,593
E tirei a nota e não está imprimindo,PROBLEMA,593
Boa tarde,SAUDACAO,593
Boa tarde,SAUDACAO,594
Reinaldo como poço fazer para formatar o servidor,DUVIDA,594
Vc vem aqui fazer um beckap,DUVIDA,594
Alem do sistema infog2 tem alguma aplicação a ser instalada tipo certificado ou sql,DUVIDA,594
Boa noite até amanhã,SAUDACAO,594
Qual o melhor windos para o sistema infog2 pois vou comprar e quero saber para não comprar errado,DUVIDA,594
Se eu quiser colocar o Windows 7 da certo?,DUVIDA,594
Preciso instalar o programa infog2 em um terminal pois aparti de agora será o servidor,PROBLEMA,594
Boa tarde estouMe conecta no teamviewer,SAUDACAO,594
Pois não conseguir imprimir o cx de sábado pois com a formatação do computador vc esqueceu de deixar o atalho na área de trabalho,PROBLEMA,594
Poço abrir o teamviewer,DUVIDA,594
Boa tarde,SAUDACAO,595
Bom dia,SAUDACAO,596
E possivel,DUVIDA,596
Hello,SAUDACAO,596
Oi eu zemilda,SAUDACAO,596
Urgente,PROBLEMA,596
Boa tarde,SAUDACAO,596
Cliente veio pagar uma nota promissória e  c sistema travado ... cliente se encontra aqui  no,PROBLEMA,596
Momento e,PROBLEMA,596
Boa tarde,SAUDACAO,597
Bom dia.,SAUDACAO,597
Gostaria de saber,DUVIDA,597
e o sistema da máquina pode ser o XP,DUVIDA,597
Boa tarde. O computador do escritório  foi formatado. Vocês podem fazer o acesso agora ?.,DUVIDA,597
E depois o do notebook?.,DUVIDA,597
Quanto tempo mais ou menos vocês poderiam me atender ?.,DUVIDA,597
"Irei ficar aguardando. Rogo para que seja logo, tenha muitas notas para cadastrar",PROBLEMA,597
Com quem eu falo?.,DUVIDA,597
Depois de um pico de energia o PC da impressora fiscal ficou assim,PROBLEMA,598
Reiniciei e abriu a pré venda mas o sistema nao tá reconhecendo a impressora fiscal,PROBLEMA,598
Nao esta reconhecendo a impressora fiscal,PROBLEMA,598
Então o sistema pdv nao abre,PROBLEMA,598
Deu erro,PROBLEMA,598
Travou,PROBLEMA,598
Boa tarde,SAUDACAO,598
Bom dia,SAUDACAO,599
Desde. de sabado que nao consigo tirar nota fiscal,PROBLEMA,599
"Boa tarde, qual razão desse erro?",DUVIDA,600
Bom dia!!!,SAUDACAO,601
Oi mailana eu Zemilda,SAUDACAO,601
Pode falar,DUVIDA,601
Bom dia,SAUDACAO,602
Estou ligando direto pra ir.  Chama e ninguém  atende  e Quando ligo de novo dá sinal de ocupado,PROBLEMA,603
Oi,SAUDACAO,603
Bom dia!,SAUDACAO,604
Olá,SAUDACAO,605
Bom dia,SAUDACAO,605
Não estou conseguindo transmitir o arquivo para a Anvisa,PROBLEMA,605
Boa tarde,SAUDACAO,606
Não está funcionando,PROBLEMA,606
Bom dia,SAUDACAO,606
Ou vai fazer por aí mesmo?,DUVIDA,608
Oi mayllana,SAUDACAO,609
Oi,SAUDACAO,610
Pra poder excluir um item da venda preciso da da senha do supervisor,DUVIDA,610
E mais estoi tentando digitar minha senha e n vai os numeros,PROBLEMA,610
Mudei o teclado e n deu certo,PROBLEMA,610
Posso clicar ok,DUVIDA,611
Este aqui já foi solucionado?.,DUVIDA,611
Boa tarde,SAUDACAO,613
Quem tá falando?,DUVIDA,613
Quem falou comigo ontem?,DUVIDA,613
Oi,SAUDACAO,613
Tem como cancelar um recebimento?,DUVIDA,613
Estou ligando e não consegui,PROBLEMA,615
onde consigo?,DUVIDA,618
Bom dia,SAUDACAO,619
Veja o q houve,DUVIDA,619
Quem e??,DUVIDA,619
Pode resolver esse prob,DUVIDA,619
Tb nao acessa,PROBLEMA,619
Vc pode resolver esse problema,DUVIDA,619
Esse computador da minha sala... tb n acessa,PROBLEMA,619
Oi,SAUDACAO,619
Nao abre loja e fabrica,PROBLEMA,619
Pois veja se foi e data???,DUVIDA,619
A atualizacao q no caixa pode ser baixada opcao cupom ou orcamento???,DUVIDA,619
E como fica noot book q nao acessa loja e fabric,DUVIDA,619
Fabrica nao acessou,PROBLEMA,619
Aendo q eu lreciso acessar a distancia,DUVIDA,619
Boa tarde,SAUDACAO,620
Dois problemas,PROBLEMA,620
Bom dia!,SAUDACAO,621
Essa tela apareceu e nao abriu o pdv,PROBLEMA,621
Essa tela é no PC da impressora fiscal,PROBLEMA,621
"Não,  ela não desliga sozinha",PROBLEMA,621
Bom dia .,SAUDACAO,622
Nao esta fazendo venda na impressora fiscal,PROBLEMA,622
Boa tarde,SAUDACAO,622
na segunda nota olha mensagen,PROBLEMA,622
recebeu?,DUVIDA,622
"Boa tarde, gostaria de uma posição de como ficou umas solicitações feitas para Reinaldo.",DUVIDA,623
"ok, pode ser na segunda?",DUVIDA,623
Bom dia,SAUDACAO,624
Esseproblema é constante,PROBLEMA,624
Estamos parados,PROBLEMA,624
Oi,SAUDACAO,625
Boa tarde!!!!,SAUDACAO,625
E que aqui ta ficando todos os dias notas em contigencia....,DUVIDA,625
Boa tarde.,SAUDACAO,626
E outra questão. É que estou precisando cadastrar um item no setor dos frios. Queria que criassem um código. Pois já não dispomos dos códigos reserva.,PROBLEMA,626
E quanto aos códigos da balança?.,DUVIDA,626
Bom dia!,SAUDACAO,627
Quando vou abrir o sistema esta aparecendo essa tela,PROBLEMA,627
Só quando abro pela segunda vez é que aparece a tela do usuário,PROBLEMA,627
"Não fecha a venda na impressora, na hora de imprimir aparece essa tela",PROBLEMA,627
Não e horário e sim a data,PROBLEMA,627
Bom dia,SAUDACAO,628
nao consegui eviar,PROBLEMA,628
gero foi ootro,PROBLEMA,628
Bom dia,SAUDACAO,629
tem algum boleto em aberto ? não recebemos,DUVIDA,629
Boa tarde,SAUDACAO,629
Maylana como faço para não sair o cupom?,DUVIDA,630
Quando for alternativo?,DUVIDA,630
Boa tarde,SAUDACAO,632
Não. consegui enviar para anvisa,PROBLEMA,632
Por favor me atendam,PROBLEMA,633
"Bom dia, aguardando uma posição sobre esta questão acima e sobre o app de vendas externas.",SAUDACAO,634
Boa tarde!!!,SAUDACAO,635
Eu preciso do relatorio de contas a receber... vc pode emitir agora,DUVIDA,635
Eu preciso q vc instale nessa maquinano sistrma da loja p eu tranalhar aqui na fabrica...,PROBLEMA,635
Ola,SAUDACAO,635
So precisa atualizar o ip que mudou devido o reiniciamento do modem,PROBLEMA,635
Foi alterado para noip?,DUVIDA,635
Mas qual seria?,DUVIDA,635
Alo,SAUDACAO,635
Oi mailana deu certo???,DUVIDA,635
Ta bom,CONFIRMACAO,402
Posso repassar o vivo,INFORMACAO,402
Porém é no msm aparelho,OUTROS,402
Pode,CONFIRMACAO,402
Sim,CONFIRMACAO,404
Ok!,CONFIRMACAO,404
Ta bom Aguardo,CONFIRMACAO,404
Ah ta certo ? Obrigada! !,AGRADECIMENTO,404
Mas no caso eles ja estão todos cadastrados,INFORMACAO,406
Vou ja tentar aki,OUTROS,406
Coloquei aki o da fração,INFORMACAO,406
Calmw ai,OUTROS,406
Ta bom,CONFIRMACAO,406
essa parte acho que entendi ,CONFIRMACAO,406
vou lhe mandar a foto,OUTROS,406
Entendo ,CONFIRMACAO,408
Os éticos a gente vende a preço do preço do guia,INFORMACAO,408
Então não devemos modificar nada,INFORMACAO,408
Na nota tem Geralmente os éticos é 18%,INFORMACAO,408
Ta bom,CONFIRMACAO,408
Q ficou p ser feita c maxima urgencia,OUTROS,410
Ah que bom,CONFIRMACAO,414
Mas agora mudou msm,OUTROS,416
Ta bom,CONFIRMACAO,416
Obrigada,AGRADECIMENTO,416
Vc ja ensinou pra mocinha Mas foi a fazer uma direta,INFORMACAO,418
E ela não sabe mais e nem eu entendi,INFORMACAO,418
Ok,CONFIRMACAO,418
Pois vamos deixar pra amanhã de manhã Então,CONFIRMACAO,418
Quando eu chegar entro em contato,OUTROS,418
Tem sim,CONFIRMACAO,420
Ok,CONFIRMACAO,420
Vamos,CONFIRMACAO,420
Qualquer coisa entro em contato novamentev,OUTROS,420
Boa noite,SAUDACAO,421
já enviamos este computador para assistência.,INFORMACAO,421
Qualquer contra tempo entro em contato.,OUTROS,421
De já obrigada.,AGRADECIMENTO,421
A simm entendi,CONFIRMACAO,424
pessei q vc tivesse falando e q tinha q selecionar se era a vista ou a prazo kkk,INFORMACAO,424
Ok,CONFIRMACAO,426
Vej ai na area de trabalho,OUTROS,426
Eageat,OUTROS,426
Ai foi atualizado bo java,OUTROS,426
É,CONFIRMACAO,426
Pois entao vamos aguardar,OUTROS,426
Ta baixando aqui,INFORMACAO,426
Ta bom,CONFIRMACAO,426
Ta bom,CONFIRMACAO,428
Pois Ta bom,CONFIRMACAO,430
Ta bom,CONFIRMACAO,434
Sim,CONFIRMACAO,448
Ta bom,CONFIRMACAO,448
Sim,CONFIRMACAO,450
Ok,CONFIRMACAO,454
Ok,CONFIRMACAO,454
Sim,CONFIRMACAO,455
Ta bom,CONFIRMACAO,456
Ta bom,CONFIRMACAO,456
Ta bom,CONFIRMACAO,456
Ta bom,CONFIRMACAO,456
Ta bom,CONFIRMACAO,456
Ok,CONFIRMACAO,456
Kkkk Ta bom,CONFIRMACAO,456
Ta bom,CONFIRMACAO,456
Obrigada,AGRADECIMENTO,456
Sim,CONFIRMACAO,470
Ta bom,CONFIRMACAO,470
Obrigada,AGRADECIMENTO,470
Ok,CONFIRMACAO,472
Ok,CONFIRMACAO,472
Sim,CONFIRMACAO,477
Sim,CONFIRMACAO,488
Sim,CONFIRMACAO,490
Ta bom,CONFIRMACAO,490
Sim,CONFIRMACAO,496
Certo Obrigada,AGRADECIMENTO,504
Ok,CONFIRMACAO,506
Ok,CONFIRMACAO,508
Ok,CONFIRMACAO,510
Obrigada,AGRADECIMENTO,510
Ok,CONFIRMACAO,512
Ok,CONFIRMACAO,514
Ok,CONFIRMACAO,522
Ok,CONFIRMACAO,522
Ok,CONFIRMACAO,526
Sim,CONFIRMACAO,530
Ta bom,CONFIRMACAO,534
Ok,CONFIRMACAO,540
Ta bom,CONFIRMACAO,540
Obrigada,AGRADECIMENTO,540
Ok,CONFIRMACAO,542
Ta bom,CONFIRMACAO,542
Ta bom,CONFIRMACAO,544
Ok,CONFIRMACAO,550
Ta bom,CONFIRMACAO,552
Sim,CONFIRMACAO,552
Sim,CONFIRMACAO,555
Aah Ta bom,CONFIRMACAO,556
Ta bom,CONFIRMACAO,556
Sim,CONFIRMACAO,556
Ok,CONFIRMACAO,558
Sim,CONFIRMACAO,558
Ok,CONFIRMACAO,562
Sim,CONFIRMACAO,562
Ta bom,CONFIRMACAO,568
Sim,CONFIRMACAO,570
Obrigada,AGRADECIMENTO,572
Sim,CONFIRMACAO,576
Ok,CONFIRMACAO,577
Sim,CONFIRMACAO,577
Obrigada,AGRADECIMENTO,577
Ok,CONFIRMACAO,578
Ok,CONFIRMACAO,578
Ok,CONFIRMACAO,579
Ok,CONFIRMACAO,588
Ta bom,CONFIRMACAO,590
Certo ok muito Obrigada,AGRADECIMENTO,591
No momento ja conseguir resolver era sobre os boletos mais ja recebi muito Obrigada,AGRADECIMENTO,592
Sim,CONFIRMACAO,593
Ok,CONFIRMACAO,594
Ok,CONFIRMACAO,595
Sim,CONFIRMACAO,595
Obrigada,AGRADECIMENTO,595
Sim,CONFIRMACAO,598
Sim,CONFIRMACAO,599
Ok,CONFIRMACAO,599
Sim,CONFIRMACAO,599
Ok,CONFIRMACAO,602
Ok,CONFIRMACAO,604
Ok,CONFIRMACAO,608
Eu vou transferir só amanhã Ok,CONFIRMACAO,608
Ok,CONFIRMACAO,609
Por enquanto ta Ok,CONFIRMACAO,610
Ok,CONFIRMACAO,611
Sim,CONFIRMACAO,611
Ok,CONFIRMACAO,615
Meu notboOk,CONFIRMACAO,619
Ok,CONFIRMACAO,622
Obrigada,AGRADECIMENTO,622
Ok,CONFIRMACAO,623
Ok,CONFIRMACAO,624
Sim,CONFIRMACAO,626
Sim,CONFIRMACAO,627
Ok,CONFIRMACAO,628
Ok,CONFIRMACAO,629
Sim,CONFIRMACAO,629
Ok,CONFIRMACAO,629
Ok,CONFIRMACAO,632
Ok,CONFIRMACAO,635
Vou anotar aqui os dados total aqui do cx p com fé em Deus fechar o cx amanhã,OUTROS,426
Ja  ja,OUTROS,428
Lislayne ja estou aqui com o rapaz . A pasta importante mesmo é só essa q vc me enviou mesmo  né. Ele ja vai começar a formatar,OUTROS,428
Deixei lá lá na na lan house dele ele falou que 3 horas era para mim entrar em contato com ele,INFORMACAO,428
Aí eu estou aguardando aqui,OUTROS,428
Tá,CONFIRMACAO,428
já  está  pronto,CONFIRMACAO,428
Ja estamos com a maquina aqui dizendo ele q formatou kkkk,INFORMACAO,430
Vou te passar aqui o acesso,INFORMACAO,430
Pronto,CONFIRMACAO,430
Pronto,CONFIRMACAO,434
Pronto,CONFIRMACAO,456
Pronto,CONFIRMACAO,508
Pronto,CONFIRMACAO,552
Pronto,CONFIRMACAO,598
Pronto,CONFIRMACAO,604
Pronto,CONFIRMACAO,611
Pronto,CONFIRMACAO,611
Desliguei,INFORMACAO,430
E liguei kkkk,INFORMACAO,430
So lembra p vc colocar o atalho na area de trabalho p dar entrada por Xml,INFORMACAO,430
Ta sim ate agora deu mais problemas não,CONFIRMACAO,430
Mulher deu certo,CONFIRMACAO,430
Parece,OUTROS,430
não tava no lugar corrwto e nem percebi okkk,INFORMACAO,430
Valei me ....,OUTROS,434
É vc ja tinha me falado mesmo . Entao axho q ta tudo ok por enqnto kkkk,OUTROS,434
Pois me mostra aqui só mais uma vez p eu fazer hj pq ainda não fiz,INFORMACAO,434
Ou te passar acesso,OUTROS,434
Ta bom entao hj vou fazer isso,INFORMACAO,434
Obg,AGRADECIMENTO,434
Obg,AGRADECIMENTO,452
Obg,AGRADECIMENTO,477
Obg,AGRADECIMENTO,508
Obg,AGRADECIMENTO,544
Obg,AGRADECIMENTO,579
Obg,AGRADECIMENTO,582
Obg,AGRADECIMENTO,609
E obg,AGRADECIMENTO,610
Obg,AGRADECIMENTO,610
Obg,AGRADECIMENTO,624
Pois ta bom entao,CONFIRMACAO,436
vou fechar,INFORMACAO,436
É Mais mesmo assim vou fazer o bekaup,INFORMACAO,436
Tomara q não der nenhum problema,OUTROS,436
Eu ja fiz aqui os procedimentos e ja passei o acesso aqui p ele .ele falou q não ia mexer em nada nao só pegou  aqui uns dados do certificado,INFORMACAO,436
E ja ia tentar fazer mesmo no computador dele,OUTROS,436
Isso,CONFIRMACAO,442
Tá bom vou faze aqui,CONFIRMACAO,442
Ok obg até mais,AGRADECIMENTO,442
Ta Tá bom vou v aqui é q fiquei com medo de fechar pq la dizia q poderia perder alguns dados,CONFIRMACAO,446
Tá carregando aqui ainda,INFORMACAO,446
Ta sim,CONFIRMACAO,446
Ok vou tentar aqui,CONFIRMACAO,446
Sob um instante,OUTROS,446
Kkk a internet aqui é muito ruim,OUTROS,446
Deu certo,CONFIRMACAO,446
Deu Certo,CONFIRMACAO,456
Deu certo,CONFIRMACAO,470
Oh lyslaine deu certo,CONFIRMACAO,470
Deu certo,CONFIRMACAO,530
Deu certo,CONFIRMACAO,546
Deu certo,CONFIRMACAO,554
Deu certo,CONFIRMACAO,556
Deu certo,CONFIRMACAO,558
Já olhei aqui deu certo,CONFIRMACAO,573
Deu certo,CONFIRMACAO,577
Já olhei aqui deu certo,CONFIRMACAO,579
Deu certo,CONFIRMACAO,596
Agora deu certo,CONFIRMACAO,605
Pronto agora deu certo,CONFIRMACAO,610
Loja deu certo,CONFIRMACAO,619
Deu certo,CONFIRMACAO,622
Deu certo,CONFIRMACAO,622
Deu certo,CONFIRMACAO,624
Deu certo,CONFIRMACAO,628
não só umas p vender mesmo vou ja fazer isso,OUTROS,446
Posso ir acompanhando aki,OUTROS,448
Vou olhar aki,OUTROS,448
Primeiro,OUTROS,448
do sistema aliás Aí no finalzinho,OUTROS,448
Pra ser sincera ela nunca saiu de contingência,INFORMACAO,448
Vamos conferi aqui,OUTROS,448
Tá bom, no momento era só isso mesmo .obg.,AGRADECIMENTO,440
Tá bom,CONFIRMACAO,450
Tá bom,CONFIRMACAO,506
Tá bom,CONFIRMACAO,508
Aguardo,OUTROS,450
Pode ligar nesse aqui msm do whats,OUTROS,450
Acho que problema na Tim,OUTROS,450
Calma ai ,OUTROS,450
Vou lhe passar o vivo,INFORMACAO,450
Pois ta complicado kkkk,OUTROS,450
Um momento,OUTROS,450
Tente nesse,OUTROS,450
Descobri aki,INFORMACAO,450
Pq essa parte ai eu não entendi não kkkk,DUVIDA,450
"Eu tava olhando aki onde faz o investimento: creio que é só colocar 1.5 (quebra de caixa) e colocar o valor de 1.000,00 e justificar o motivo.",INFORMACAO,450
Tudo bem,CONFIRMACAO,450
Ok obg pela atenção,AGRADECIMENTO,450
Mocinha aqui...,OUTROS,452
Qndo eu clico em avançados aparece só isso,INFORMACAO,452
Deu certo aqui...,CONFIRMACAO,452
Pois por enquanto agente vai usar só uma máquina mesmo p fazer tá certo!,INFORMACAO,454
Pode ser agora,OUTROS,455
Um instante,OUTROS,455
Nessa tela tinha o emulador,OUTROS,455
No primeiro q vc mexeu,OUTROS,455
Pq minha senha e usuário era 3 / 3 na farmácia  e 4/ 4 no emulador,OUTROS,455
Pois é,OUTROS,456
Nós não estávamos lembrando que era feriado,INFORMACAO,456
Era pra pedir Auxilio aki com o sistema,INFORMACAO,456
Já está no ponto de nós começar a usar,OUTROS,456
Tinha me ocupado aki,OUTROS,456
Isso,CONFIRMACAO,456
De como vender a vista e a prazo,OUTROS,456
Lançar na conta dos clientes os produtos,OUTROS,456
Receber haver,OUTROS,456
Nós  estamos aguardando.,OUTROS,456
Não esqueçam de nos não kkkk,OUTROS,456
Nós quer começar a usar o sistema,INFORMACAO,456
Ta certo,CONFIRMACAO,456
Ah ta certo,CONFIRMACAO,456
Ah ta certo,CONFIRMACAO,456
Ta certo,CONFIRMACAO,458
Jaja,OUTROS,456
Pode ser nesse mesmo,OUTROS,456
Ta ,CONFIRMACAO,456
Jaja,OUTROS,456
Ah sim,OUTROS,456
Teve desconto não,INFORMACAO,456
"Ele deu os 52,00 trocado",INFORMACAO,456
ovir seu áudio de Novo kkk,OUTROS,456
Quando nós concluir essa ai,INFORMACAO,456
Já tem uma venda pra fazer a prazo,OUTROS,456
Pois vamos ligar aqui ele ... só um instante,OUTROS,456
Estamos vendo aqui com o contador,INFORMACAO,456
Jaja entramos em contato,OUTROS,456
O contador mandou te enviar isso aki kkkk,INFORMACAO,456
Baixando,OUTROS,456
Mandamos seu áudio pra ele....,OUTROS,456
Esperar ver o qie ele vai dizer,OUTROS,456
Mas enquanto isso vamos colocar aki não fiscal ta,OUTROS,456
Pra não perder mais tempo,OUTROS,456
Cliquei,OUTROS,456
Só imprimiu uma,OUTROS,456
Acompanhe ai,OUTROS,456
Pra ver se está correto,OUTROS,456
Acompanhe ai agora,OUTROS,456
Vamos mudar aki,OUTROS,456
vou olhar aki os cadastros,OUTROS,456
Graças a Deus,OUTROS,456
E são 100,OUTROS,456
Tá,OUTROS,456
Ta,OUTROS,456
Ok eu acgj,OUTROS,456
#acho,OUTROS,456
Ok ne ?,OUTROS,456
Acho que vender a vista e a prazo,OUTROS,456
Já estamos sabendo,OUTROS,456
É a dar baixa tbm,OUTROS,456
Agora fechar o caixa....,OUTROS,456
Vou tirar aki um haver,OUTROS,456
Acompanhe ai,OUTROS,456
Agora vamos fechar o caixa,OUTROS,456
Sim...,OUTROS,456
Ê já,OUTROS,456
Chegou gente aki,OUTROS,456
É ja vamos pro caixa de novo,OUTROS,456
Jaja,OUTROS,456
Oh merma se os cli3ntes deixassem kkkkk,OUTROS,456
Quase não saia o nome kkk,OUTROS,456
Vamos pro caixa,OUTROS,456
Pera ai,OUTROS,456
Ja mando um áudio,OUTROS,456
Vou te mandar o papel que saiu,OUTROS,456
Ja mando um áudio,OUTROS,456
Chegou,OUTROS,456
Baixando,OUTROS,456
Ouve so o último áudio kkk,OUTROS,456
Rapidinho,OUTROS,456
Ta bom então,OUTROS,458
Aliás não sabemos como voltar kkk,OUTROS,460
Ok deu certo mesmo,CONFIRMACAO,460
Mais ai vc v se dar certo p colocar lá por favor,OUTROS,460
Obg.,AGRADECIMENTO,460
É q a Iris disse q ela queria falar comigo .,OUTROS,462
Vamos sim,CONFIRMACAO,464
Nem sei vou entrar em contato com o pessoal aqui e lhe falo alguma coisa,OUTROS,464
Ok .,CONFIRMACAO,464
Estamos aqui com o cx de ontem aberto p gente v a questão do cx,INFORMACAO,468
Vamos,CONFIRMACAO,468
"No final do dia 8.548,90",INFORMACAO,468
Aquele valor diminuiu foi muito kkkk,OUTROS,468
É ja,OUTROS,468
Mas não foi fechado ontem,OUTROS,468
Ta aberto ainda,OUTROS,468
O caixa,OUTROS,468
So o nosso no caderno que fechamos,OUTROS,468
So a mocinha desocupar nos ver,OUTROS,468
Mas creio que da sim,OUTROS,468
Ja fizemos o procedimento que vc ensinou com as contas ,OUTROS,468
Confira,OUTROS,468
O dinheiro que damos baixa na conta caixa que me refiro,OUTROS,468
Entendi,OUTROS,468
Ainda nao,OUTROS,468
Lislayne ....,OUTROS,468
Eu to aqui dando entrada da nota por xml ai to com uma duvida aqui,OUTROS,468
É aqui na hora q termina pq faz umas peruntas,OUTROS,468
Jaja,OUTROS,470
Vou testar uma venda novamente,OUTROS,470
Observe ai,OUTROS,470
Tá,CONFIRMACAO,470
Ta bom jaja,CONFIRMACAO,470
Outro problema agora,PROBLEMA,470
Mulher eu mais a mocinha estamos aki muito preucupada,OUTROS,470
Eu entendi tudo que vc explicou sobre o sistema e ela tbm,INFORMACAO,470
Olhe,OUTROS,470
"Tem 1.571,50",OUTROS,470
No sistema,OUTROS,470
Entendemos ta,OUTROS,470
Fico no aguardo,OUTROS,472
Sim..solicitou,OUTROS,472
O certificado A1 fiz pelo CDL e me enviaram um e-mail pra baixar o arquivo,OUTROS,472
Eu vou enviar o email que recebi,OUTROS,472
Enviei o e-mail para infog2 tecnologia (Reinaldo),OUTROS,472
Amanheceu imprimindo isso aí,OUTROS,474
Mailana,OUTROS,477
Preciso falar c Erisson referente as alterações dos relatorios da fabrica..... q ele ficou de fazer,OUTROS,477
Preciso jrgente desses relatorios,OUTROS,477
Sos .... preciso acessar sistrma,OUTROS,477
Da loja,OUTROS,477
A mailana por favor,OUTROS,477
Estou aguardando vc falar a 10”,OUTROS,477
Absurdo esse atendimento,OUTROS,477
Eu acesso ddns,OUTROS,477
So o Janiel acessa,OUTROS,477
Me diga o q houve c esse erro p eu nao acessar a loja do sao cristovao,OUTROS,477
Moca eu ja acessei hjnp manha,OUTROS,477
Acho q nao trm nada a ver c ddns,OUTROS,477
Acesse aqui,OUTROS,477
E possivel,OUTROS,477
Eu nao trnho tecnico,OUTROS,477
O suporte q eu tenho e c vcs,OUTROS,477
E assinatura q eu tenho tb e com vcs,OUTROS,477
Moca e urgente,OUTROS,477
Preciso acessar meu sistem da loja,OUTROS,477
Se vc me ensinar .... pode ser p mim,OUTROS,477
Peco q vc oriente ele antes de sair p seu almoco,OUTROS,477
Poos estou precisando acessar urgente,OUTROS,477
Vc ja esta falando c Janiel,OUTROS,477
No zap,OUTROS,477
Pois resolva ai c ele,OUTROS,477
E depois me manda os comandos q eu vou aprender p eu nao ter esse tipo de aborrecimwnto,OUTROS,477
Pois fale ai c ele,OUTROS,477
Depois conversaremos,OUTROS,477
Alo,OUTROS,477
Estou aguardando,OUTROS,477
Agora,OUTROS,477
Um instante,OUTROS,477
Deu certo....,CONFIRMACAO,477
Ele disse,OUTROS,477
Entao vejo c ele.... e qdo eu nao conseguir acessar o sistema .... como fazer... e ele q vai ficar atualizando.... em tempo q tem q ficar atualizando.... nos compramos um ano ddns,OUTROS,477
Certo.....diga p Erisson q estou aguardando meus relatorios,OUTROS,477
Estou precisnado falar c erisson urgente,OUTROS,477
Veja depois da ultima atualizacao q foi feita na fabrica a uns 40 dd,OUTROS,477
Verificamos q houve alteracao no sistema,OUTROS,477
Mailanna quero q vc fale c janiel. Esse momento,OUTROS,477
Pois ele ja se e co tra na fabrica p lhe apresentar esses erros,OUTROS,477
Por favor,OUTROS,477
Desconto de produto e tambem na formulacao de custos das racoes.....,OUTROS,477
Eu preciso q seja agora,OUTROS,477
Preciso fazer meus custos das racoes,OUTROS,477
Nem e prob. P depois,OUTROS,477
E assunto serio,OUTROS,477
Responda,OUTROS,477
Ele esta no zap,OUTROS,477
Nao precisa ligar nao,OUTROS,477
Entre no zap e veja c ele,OUTROS,477
Nos tres estamos aqui jo zap,OUTROS,477
Veja o tam do problema,OUTROS,477
Esrou aqui aguardando a conserto,OUTROS,477
E peco q seja corrigido,OUTROS,477
Estou acompanhando,OUTROS,477
Certo...,OUTROS,477
Pra fazê pré venda,OUTROS,484
Por favor,OUTROS,488
Apc,OUTROS,488
Está aqui,OUTROS,488
Desculpe.,OUTROS,488
Falta de atenção minha,OUTROS,488
Elgin,OUTROS,488
Certo.,OUTROS,488
Está no nome do Léo.,OUTROS,488
Ok..irei repassar a ele.,OUTROS,488
Desconsidere está mensagem por favor. A questão mesmo são nossos computadores. Levaremos para manutenção também. Aí entrarei em contato. De já obrigada.,OUTROS,488
Por favor me dêem suporte!!!!!,OUTROS,488
Por favor. Suporte. Preciso lançar notas.,OUTROS,488
Printei na tela para você ver,OUTROS,488
Tem sim,OUTROS,490
Foi dia 07/04,OUTROS,490
No sábado,OUTROS,490
Eu vou tentar fazer novamente,OUTROS,490
Parece que vai dar certo,CONFIRMACAO,406
Certo,CONFIRMACAO,477
Certo,CONFIRMACAO,490
Certo,CONFIRMACAO,490
Certo,CONFIRMACAO,490
Tah certo,CONFIRMACAO,498
certo,CONFIRMACAO,499
Certo,CONFIRMACAO,508
Certo,CONFIRMACAO,514
Certo,CONFIRMACAO,543
Ve se minha senha da certo,CONFIRMACAO,544
Certo,CONFIRMACAO,554
Certo,CONFIRMACAO,578
Acho que não vai dar certo,CONFIRMACAO,590
Certo,CONFIRMACAO,590
Certo,CONFIRMACAO,611
Certo,CONFIRMACAO,611
certo,CONFIRMACAO,623
Certo,CONFIRMACAO,626
nao esta dando certo,CONFIRMACAO,628
Certo,CONFIRMACAO,635
E vai dar certo,CONFIRMACAO,635
O cpf está errado,PROBLEMA,490
No site,OUTROS,490
Fica cobrando esses produtos,OUTROS,490
Okay,CONFIRMACAO,492
Há 2 dias,OUTROS,494
Pode ligar pra farmácia,OUTROS,496
Que vão lhe atender,OUTROS,496
Por favor assim que lerem essa mensagem me retorne,OUTROS,499
Já,CONFIRMACAO,499
Vou sair para estacionar o carro,OUTROS,499
Volto logo,OUTROS,499
Lislayne demorei um pouco pq fui ver como foi que aconteceu isso,OUTROS,499
Isso já tinha acontecido antes, na época do Ícaro,  ele ajeitou,INFORMACAO,499
Mas me deu um trabalhão pois não sabíamos quanto tinha cada produto no estoque,OUTROS,499
Colocamos uma quantidade para alterarmos conforme a venda,OUTROS,499
Essa nota foi a última que lancei,OUTROS,499
Mas resolvi indo em estoque,OUTROS,499
Lembro de alterar esse produto,OUTROS,499
"Devido a esse 0,01 a cliente fez confusão na loja",OUTROS,499
Pois era direito de todos receber o troco,OUTROS,499
nao tem moeda,OUTROS,499
Obrigado pela atenção!,OUTROS,499
Blza,OUTROS,502
Só um instante,OUTROS,504
Faz primeiro um caixa depois o outro,OUTROS,504
Jája,OUTROS,504
Quero que der certo até o final do mês,OUTROS,504
"Ok, obrigada!",OUTROS,504
Tá,OUTROS,506
Estou precisando de ajuda,OUTROS,508
Tenho q excluir esse medicamento aí,OUTROS,508
Não conseguir,OUTROS,508
Euzilane falando,OUTROS,512
O inventário foi aceito,OUTROS,512
Euzilane falando,OUTROS,514
Queria resolver esse problema do inventário,OUTROS,514
O inventário está aberto,OUTROS,514
Acho q tem q confirmar o inventário no sistema,OUTROS,514
Vou começar enviar do fia 05/06/18 ao dia 09,OUTROS,514
Obgda,OUTROS,514
Reinaldo fez uma atualização,OUTROS,521
Ontem.,OUTROS,521
Agradeço !!!,OUTROS,521
Posso,OUTROS,522
Recebi,OUTROS,526
Mas segundo o email que recebemos ele é válido ate 20/06,OUTROS,528
Voltou ao normal,OUTROS,528
Esse ae é do computador q n ta imprimindo,OUTROS,530
Esse aqui de dentro,OUTROS,530
Brother,OUTROS,530
So um minuto,OUTROS,530
Ta bom ,OUTROS,530
"seção de medicamentos, nos produtos de caixa/unidade quando faço reajuste manual o preço da fração cai devido o valor de fração ser superior ao de caixa.",OUTROS,532
Aparece essa mensagem,OUTROS,534
Aguardo,OUTROS,534
So com o pai e ele n ta mais aqui,OUTROS,534
Total vendido,OUTROS,534
Entradas,OUTROS,534
É tipo a quantidade que foi comprada,OUTROS,534
Mes de maio,OUTROS,534
Deu certo aqui,OUTROS,536
Nao estou mais na farmacia,OUTROS,538
Vou avisar aqui a moca,OUTROS,538
Mas o outro funciona ate amanha,OUTROS,538
Ela disse q esta fazendo venda normal,OUTROS,538
É uma venda especifica,OUTROS,540
Acabei de pedir,OUTROS,540
Ta na tela,OUTROS,540
Deu,OUTROS,540
Pai pediu pra limpar os debitos do farmacia popular aqui do sistema,OUTROS,542
Que ja esta muito alto,OUTROS,542
Mas n tem opcao farmacia popular ,OUTROS,542
Os valores sao exatamentes o valor das vendas passadas no farmacia popular,OUTROS,542
Peco q vc veja c ele.... n me enco tro na fabrica.... e estou orecisamdo acessar o sistema,OUTROS,543
Por favor,OUTROS,543
Ligue p ele e fale c elenp resolver esse problema,OUTROS,543
Aguardo,OUTROS,543
Daqui a uma,OUTROS,543
Eu sei se com minha senha da pra mexer no sistema n,OUTROS,544
Acho q algumas coisas sao bloqueadas,OUTROS,544
Ja entrei,OUTROS,544
Essa ae,OUTROS,544
Cliquei,OUTROS,544
Certinho,OUTROS,544
Fizemos o cadastro dos pbms,OUTROS,548
O rapaz me passou esses nomes :Theraski e chiesi,OUTROS,548
Nao,OUTROS,550
Ta nao,OUTROS,550
Liguei agora,OUTROS,550
Thayanne / Drogaterpi,OUTROS,552
Q abre,OUTROS,552
Jaja,OUTROS,552
Vou fazer aqui a mudanca,OUTROS,552
Foi,OUTROS,552
Ja coloquei a outra no pugar,OUTROS,552
N deu,OUTROS,552
Saiu,OUTROS,552
Certo. Irei aguardar o suporte.,OUTROS,554
Ainda estou aguardando.....,OUTROS,554
Um momento,OUTROS,554
Perdão,OUTROS,554
Nao. Você terá que fazer igual ao que o Reinaldo fez ontem. Ajustar a impressora a máquina. E as instalações,OUTROS,554
Com certeza,OUTROS,554
Sim. Srta,OUTROS,554
Só a nota para consumidor.,OUTROS,554
Este é usado para caixa.,OUTROS,554
Usuário e senha são os mesmos,OUTROS,554
Pronto.,OUTROS,554
Certo. Obrigada.,OUTROS,554
Irei fazer isso.,OUTROS,554
Já mostrei,OUTROS,554
o computador foi formatado,OUTROS,555
e o sngpc,OUTROS,555
Ja fiz isso,OUTROS,556
Tbm ja reiniciei o computador,OUTROS,556
E n deu,OUTROS,556
Fiz tudo de novo,OUTROS,556
To testando aqui uma venda,OUTROS,556
É pq hj ele fez uma atualização e demorou abrir a tela,OUTROS,556
Vou passar pra outra moça tbm,OUTROS,556
Saiu todos os papeis ja,OUTROS,556
Q eu tinha mandado,OUTROS,556
Preciso configurar a impressora fiscal,OUTROS,558
Nao,OUTROS,558
Faltou comfigurar la fora,OUTROS,558
Eu acabei esquecendo,OUTROS,558
"A impressora q estava aqui dentro , foi pra um computador la fora",OUTROS,558
So um minuto,OUTROS,558
"Ja fui consultar no site mas n encontro a venda la ,",OUTROS,560
Eu n achei a venda la,OUTROS,560
Faz uns 20 min,OUTROS,560
Bom dia,OUTROS,562
O erison passou um email pra ele falando sobre isso,OUTROS,562
Manda para meu email para amanhã,OUTROS,566
E já foi pago também,OUTROS,566
Verifiquem para dar baixa,OUTROS,566
Não estou querendo nenhum atendimento no momento,OUTROS,566
"Ate pq mesmo eu tendo pago não sou atendida “ as vezes” por não darem baixa como vc falou,  fico a esperar as 24 hrs e entrarei em contrato para receber o devido atendimento. Obrigado!",OUTROS,566
Ela fez a venda,OUTROS,568
Eu ja tinha tentado 3x,OUTROS,568
"Eu nao sei do se trata , mas assim que o pai chegar eu pergunto e aviso vcs",OUTROS,570
Oi é  a respeito da troca de farmaceutico mas so sera resolvido a tarde quando elas chegarem,OUTROS,570
Elas entrarao em contato com vcs depois das 14h,OUTROS,570
Pai levou o celular q estava falando com vc,OUTROS,572
Ela e de ontem,OUTROS,572
Vou ver se encontro,OUTROS,572
"Aah , eu n conhecia",OUTROS,572
Ela foi entre 12h e 13h,OUTROS,572
Aaaah,OUTROS,572
É,OUTROS,572
Nao,OUTROS,572
Preciso falar com Reinaldo janeckine,OUTROS,573
Pode,OUTROS,573
Então ele deixou so um sistema caixa no servidor,OUTROS,573
A questão é,OUTROS,573
Qualquer coisa te aviso,OUTROS,573
Preciso de suporte,OUTROS,574
Acho que tem no pc,OUTROS,574
Vou procurar e te mando,OUTROS,574
Disponha,OUTROS,574
Não...procurei mas não encontrei pedi o sr Joao que trouxesse um pendrive que ele tem e ver se foi salvo nele ai te comunico,OUTROS,575
Estou com cliente pra cartão,OUTROS,575
Acc de maylana,OUTROS,576
Nada,OUTROS,576
Deu xerto,OUTROS,576
ja fiz venda,OUTROS,577
Responde,OUTROS,578
Desculpe-me pela demora,OUTROS,578
Fernando lar do construtor,OUTROS,579
O relatório paf ecf deste mes ainda não foi registrado,OUTROS,579
Preciso do relatório paf ecf,OUTROS,579
Aguardo,OUTROS,579
Já te passo,OUTROS,579
Aqui é Fernando do lar do construtor,OUTROS,579
Preciso de atendimento,OUTROS,579
Impressao,OUTROS,579
E transferência,OUTROS,579
Preciso de configuração do sistema para a impressora 1020 mfsp kyocera e saber como consultar o estoque do deposito e imprimir a transferência do deposito p/loja e vice versa,OUTROS,579
Blz,OUTROS,579
Credshop nao,OUTROS,579
Estou com cliente p/passar o credshop,OUTROS,579
Procedimento,OUTROS,579
Percebi,OUTROS,579
Preciso falar com reinaldo,OUTROS,579
Na venda mesmo,OUTROS,579
Blz,OUTROS,579
Não...no caso seria orçamento e venda não fisccal,OUTROS,579
Tipo o recibo do sistema,OUTROS,579
Já ta configurada eu queria uma dupla impressao,OUTROS,579
No recibo tem um quadrinho que pergunta se eu quero imprimir em du as vias,OUTROS,579
Por exemplo,OUTROS,579
Preciso de suporte,OUTROS,579
Deu certo aqui eu reiniciei a mquin,OUTROS,579
Maquina,OUTROS,579
Preciso falar com Reinaldo janeckine,OUTROS,579
Pode,OUTROS,579
Então ele deixou so um sistema caixa no servidor,OUTROS,579
A questão é,OUTROS,579
Vamo eu acesso qual janela primeiro,OUTROS,579
Qualquer coisa te aviso,OUTROS,579
Fernando lar do construtor,OUTROS,580
Preciso do relatório paf ecf,OUTROS,581
Aguardo,OUTROS,581
Já te passo,OUTROS,581
Aqui é Fernando do lar do construtor,OUTROS,583
Preciso de atendimento,OUTROS,583
Blz,OUTROS,583
Procedimento,OUTROS,586
Percebi,OUTROS,586
Preciso falar com reinaldo,OUTROS,587
Na venda mesmo,OUTROS,587
Não...no caso seria orçamento e venda não fisccal,OUTROS,587
Tipo o recibo do sistema,OUTROS,587
Já ta configurada eu queria uma dupla impressao,OUTROS,587
No recibo tem um quadrinho que pergunta se eu quero imprimir em du as vias,OUTROS,587
Por exemplo,OUTROS,587
Se eu mandar um orçamento com 3 itens para impressão eu perco metade de uma folha a4,OUTROS,587
Quero fazer cancelamento,OUTROS,588
Preciso de suporte,OUTROS,589
Deu certo aqui eu reiniciei a mquin,OUTROS,589
Maquina,OUTROS,589
gostaria de abrir um chamado para atendimento,OUTROS,590
aqui é Nilmar,OUTROS,590
da rádio táxi,OUTROS,590
Já estou na Radio Taxi,OUTROS,590
Reinaldo pediu pra avisar,OUTROS,590
Pra continuar o atendimento,OUTROS,590
Lembrei que está bloqueado,OUTROS,590
A rede,OUTROS,590
Para acessar outros sites,OUTROS,590
Vou falar com o administrador,OUTROS,590
Pois tente,OUTROS,590
Valeu Reinaldo,OUTROS,590
Te aviso depois,OUTROS,590
Veja meu problema pois vou trabalhar até as 14;00hr,OUTROS,591
No servidor,OUTROS,591
E um outro o sistema expirou,OUTROS,591
Veja,OUTROS,591
Esse é o que apagou ou seja não abre me expresei mal,OUTROS,591
O terminal acabei de ver que está sem internet vou ver questão de cabo,OUTROS,591
Quero falar com o Reginaldo,OUTROS,591
Agora,OUTROS,591
Pois resolver por alguns minutos e depois volta tudo de novo tenho que desligar a cpu ai ela volta a funcionar,OUTROS,591
Veja se resolve caso não resolva  agende uma visita por favor,OUTROS,591
Que desde o dia 27/06,OUTROS,591
Estamos com esse problema,OUTROS,591
Só acontece com o sistema INFOG2 os outros funciona tudo normal,OUTROS,591
No aguardo entao,OUTROS,591
Sou Ana Lúcia do Zorao,OUTROS,592
Estou precisando que alguém atenda o celular,OUTROS,592
Para que possam instalar o programa no compador,OUTROS,592
Me mande que pago hj ainda,OUTROS,592
Isso mesmo,OUTROS,592
Por favor me envie boleto atualizado para que eu possa fazer o pagamento via email pois não conseguir atualizar pelo site do Banco,OUTROS,592
Ok no aguardo,OUTROS,592
Credshop,OUTROS,593
Que apareceu,OUTROS,593
Minha linda vamos continuar o atendimento as 14;00hr,OUTROS,593
Esse é o código teamviewer,OUTROS,593
Me conecta no teamviewer,OUTROS,593
Estou com o técnico aqui na loja,OUTROS,594
E o mesmo diz que o problema não é no computador e sim no próprio sistema,OUTROS,594
Algo do tipo,OUTROS,594
Resolvir de outra forma,OUTROS,594
Vou comprar um outra CPU e quando chegar vou pedir para vcs fazerem dele o servidor ai eu mando fazer a formatação,OUTROS,594
Sim mais hj não so quando eu for formatar,OUTROS,594
Pois se eu fosse formatar hj eu ficava sem trabalhar com sistema,OUTROS,594
Reinaldo peço que entre em contato comigo,OUTROS,594
E sem o atalho eu não sei imprimir,OUTROS,594
Qualquer coisa se eu não visualizar a mensagem do zap vc liga,OUTROS,594
Vamos,OUTROS,594
"ok, estou providenciando. Obrigado",OUTROS,595
Estou aguardando retorno.,OUTROS,595
Sobre e-mail enviado pra vocês. Certificado venceu hoje é já estamos com o novo. Só falta atualizar para realizar vendas,OUTROS,595
Realizamos,OUTROS,595
Aguardo,OUTROS,595
"Deu certo, obrigado.",OUTROS,595
Usamos,OUTROS,595
Mando já o TeamViewer,OUTROS,595
Preciso q vc atualoze o sistema da,OUTROS,596
Fabrica,OUTROS,596
Estou precisando p agora,OUTROS,596
Estou aguardando q seja feita a atualizacao,OUTROS,596
O reinaldo por favor,OUTROS,596
Preciso resolver isso,OUTROS,596
Socorro,OUTROS,596
Aguardo amanha uma visita recnica na fabrica,OUTROS,596
Aqui é a Vilmara Do Comércio do Pile,OUTROS,597
O computador do escritório  está na manutenção,OUTROS,597
Tudo bem.,OUTROS,597
Por favor..,OUTROS,597
Vc está .  Veremos uma solução para isso.,OUTROS,597
De já muito obrigada!.,OUTROS,597
Foi,OUTROS,598
Nao deu,NEGACAO,598
Ele tinha falado q era si apertar entre,OUTROS,598
Ia direto,OUTROS,598
Veja. se está. ok o que não. e fiscal,OUTROS,599
Me passe boleto de adesão atualizado com vencimento pro dia 18,OUTROS,602
Boleto mensal já pago,OUTROS,602
Só de adesão,OUTROS,602
Ficou pra rever o aumeto  e o reinado não  me deu ainda uma posição,OUTROS,603
"Preciso falar com o Reinaldo,",OUTROS,603
"Ficou pendente o assunto  da mensalidade, e i contrato  do sistema tipo teamviwer",OUTROS,603
Mande pela manhã  a tarde eu vou me ausentar  pelo watzap,OUTROS,603
Watzap,OUTROS,603
Deu certo!,OUTROS,604
Patrícia Droga Vida Poti Velho,OUTROS,605
Aguarde um pouco vou mandar a foto,OUTROS,605
Foi enviado,OUTROS,605
Iria fazer agora,OUTROS,608
Mas a internet aqui está fora do ar,OUTROS,608
Você vai vir aqui,OUTROS,608
Entao vou fechar e entrar denovo,OUTROS,610
Qualquer coisa mando msg,OUTROS,610
Pois retire por favor,OUTROS,610
Ja vai,OUTROS,610
Eu denovo,OUTROS,610
"Olha o rapaz tentou fazer o um desconto de 0,12 centavos devido a diferenca de preco ai tbm pediu a senha do surpevisor",OUTROS,610
Fezer isso ai quando milena chegar ela resolve o maximo de desconto,OUTROS,610
Olha precida mais n ta,OUTROS,610
compras,OUTROS,611
Código do produto,OUTROS,611
ouça,OUTROS,611
Já foi,OUTROS,611
Preciso entrar no site da Anvisa,OUTROS,613
Uma vez ficou assim é alguém aí conseguiu resolver,OUTROS,613
Eu sei,OUTROS,613
Dei baixa numa conta errada,OUTROS,613
Achei aqui ...,OUTROS,613
Quero um ate dimento,OUTROS,615
Enviar o inventário,OUTROS,615
Preciso enviar o inventário,OUTROS,615
Vou fazer transferência agora,OUTROS,617
Meu email ,OUTROS,617
Expedição mando a tarde,OUTROS,617
Data de expedição do RG 25/01/2016,OUTROS,617
"Bom dia, preciso ativar opção de visualização das transações feita no caixa.",OUTROS,618
Eu Zemilda,OUTROS,619
Posso aguardar,OUTROS,619
Por favor,OUTROS,619
Por nao,OUTROS,619
Esse e o meu not,OUTROS,619
Precisa ser resolvido,OUTROS,619
Instante,OUTROS,619
Os dois,OUTROS,619
E tb quero falar c Reinaldonpnfazer a atualozacao do sistema da loja sao cristovao.....,OUTROS,619
Dai quero falar c ele... p agendar c sr Osmar....,OUTROS,619
Veja e informe,OUTROS,619
E veja se foi tb foi essa opcao no caixa.....,OUTROS,619
Sei,OUTROS,619
Pois eu aguardo....,OUTROS,619
Um instante,OUTROS,619
Nao acessou,OUTROS,619
Vou tentar acessar a loja,OUTROS,619
Na verdade,OUTROS,620
Deu certo.,OUTROS,620
Certo.,OUTROS,620
Abriu a pré venda,OUTROS,621
BABY? ?? Hummmm kkkk,OUTROS,621
BARBY*,OUTROS,621
obligada,OUTROS,622
veja a foto acima,OUTROS,622
Nao,OUTROS,622
Boa tarde,OUTROS,622
ligação,OUTROS,623
Isso,OUTROS,623
E tbm sobre o sistema de vendas externas que ficou de dá uma posição sobre o desenvolvimento.,OUTROS,623
14h,OUTROS,623
Mas lembro qur não é difícil msm não,OUTROS,404
Ainda não,NEGACAO,504
Ta não,NEGACAO,572
Não,NEGACAO,624
Vou já mandar,OUTROS,624
Entendo,CONFIRMACAO,624
Obrigado,AGRADECIMENTO,624
Procurei ligar p nosso contador e ele disse que a sefaz nao esta problema.....,OUTROS,625
Tudo bem então.,CONFIRMACAO,626
Não. Ainda não.,NEGACAO,626
Certo...,CONFIRMACAO,626
Só um instante,OUTROS,626
Isso. Justamente,CONFIRMACAO,626
Costela excelência.,OUTROS,626
Certo.,CONFIRMACAO,626
Pronto.,CONFIRMACAO,626
Você já pode acessar,OUTROS,626
Tudo bem.,CONFIRMACAO,626
Lislayne conecta ai pra tirar uma entrada de teste,OUTROS,627
Eu não sei fazer,OUTROS,627
Essa aí,OUTROS,627
Era só teste,OUTROS,627
Obrigado,AGRADECIMENTO,627
"Tá certo,eu estava fazendo a venda e coloquei o valor e a impressora apresentou essa tela",OUTROS,627
Era a data,INFORMACAO,627
Já acertei,INFORMACAO,627
outro,OUTROS,628
Obrigado,AGRADECIMENTO,530
Obrigado,AGRADECIMENTO,532
Obrigado,AGRADECIMENTO,534
Obrigado,AGRADECIMENTO,550
Obrigado,AGRADECIMENTO,552
Obrigado,AGRADECIMENTO,558
Ok vou testar obrigado,AGRADECIMENTO,579
Obrigado,AGRADECIMENTO,579
Ok vou testar obrigado,AGRADECIMENTO,586
obrigado,AGRADECIMENTO,590
Obrigado,AGRADECIMENTO,598
Obrigado,AGRADECIMENTO,600
Obrigado,AGRADECIMENTO,604
obrigado,AGRADECIMENTO,621
Obrigado,AGRADECIMENTO,629
Reinaldo me disse mas esqueci,OUTROS,630
veja. o envio,OUTROS,632
Reinaldo me ligue,OUTROS,633
que bom,CONFIRMACAO,634
aguardo,OUTROS,634
Estou na empresa,OUTROS,635
Aguardo,OUTROS,635
P atualizar e necessario  q seja do servidor,OUTROS,635
Esse e uma maquina da fabrica,OUTROS,635
Estou aqui,OUTROS,635
Segue tram viewer da cpu da fabrica p vc instalar o sistrma da loja...,OUTROS,635
No meu not ja foi instalado,OUTROS,635
Aguardo vc fazer as atualizacoes...,OUTROS,635
Fabrica enloja no meu not..... e instalar o sistrma da loja do sao cristovao na cpu... q segue o team,OUTROS,635
Sim estou entendendo,OUTROS,635
Ja mandei p vc,OUTROS,635
Estou aqui...,OUTROS,635
Hum,OUTROS,635
Nao sei,OUTROS,635
Sei.....,OUTROS,635
Pois vou removar aqui e mando p vc,OUTROS,635
Ja mando o ddns danloja sao cristovao p  vc,OUTROS,635
O dns é anual,OUTROS,635
O dyndns tem o aplicativo igual o DUC,OUTROS,635
Dns ativado,OUTROS,635
Irei conversar com a Zemilda para ativar o ddns anual,OUTROS,635
Mailana doningog2..... fale c ela ai e procure resolver....,OUTROS,635
Eu quero q ela instale o sistema ,OUTROS,635
mailana o Janiel vai ja fazer contato c cc sobre essa questao....,OUTROS,635
Obg p atencao,OUTROS,635
Confirme se o IP é 0.220 ou 1.220,OUTROS,635
Me diga qual,OUTROS,635
As portas já estão abertas para o IP 192.168.1.200,OUTROS,635
Oi mailana,SAUDACAO,635