Bom dia,Sauda√ß√£o,400
A mocinha ja entrou em contato com vcs pra saber como a gente faz pra cadastrar os produtos que n√£o tem nota fiscal?,D√∫vida,400
Drogaria s√£o Jo√£o de castelo,Outros,400
Estamos concluindo o cadastro de produtos,Outros,400
E gostaria de saber como se faz com os produtos que n√£o tem nota fiscal ?,D√∫vida,400
Bom dia,Sauda√ß√£o,402
Ta bom,Outros,402
Posso repassar o vivo,Outros,402
Por√©m √© no msm aparelho,Outros,402
Pode,Outros,402
981896518,Outros,402
Agora eu gostaria de saber como a gente faz pra cadastrar os produtos que n√£o tem nota fiscal,D√∫vida,404
Sim,Outros,404
Ok!,Outros,404
Ta bom Aguardo,Outros,404
No caso a gente pesquisa o ncm na internet?,D√∫vida,404
E o cfop encontra na Internet tbm?,D√∫vida,404
Com quem estou falando msm? Kkk,D√∫vida,404
Ah ta certo ? Obrigada! !,Outros,404
Justamente So n√£o fa√ßo √© lembrar mais como faz kkkk,D√∫vida,404
Mas lembro qur n√£o √© dif√≠cil msm n√£o,Outros,404
Boa tarde,Sauda√ß√£o,406
Como fracionar os medicamentos?,D√∫vida,406
Mas no caso eles ja est√£o todos cadastrados,Outros,406
Ai como a gente faz?,D√∫vida,406
Vou ja tentar aki,Outros,406
Mas na forma√ß√£o de pre√ßo como fa√ßo?,D√∫vida,406
Coloquei aki o da fra√ß√£o,Outros,406
Me ensine ai a abrir o caixa,D√∫vida,406
Deu errado kkk,Problema,406
n√£o est√° abrindo nem com valor inicial e nem sem nada....,Problema,406
Calmw ai,Outros,406
Parece que vai dar certo,Outros,406
Que horas encerra seu expediente?,D√∫vida,406
Ta bom,Outros,406
essa parte acho que entendi ,Outros,406
vou lhe mandar a foto,Outros,406
Bom dia,Sauda√ß√£o,408
MAYLLANA?,D√∫vida,408
Entendo ,Outros,408
Os √©ticos a gente vende a pre√ßo do pre√ßo do guia,Outros,408
Ent√£o n√£o devemos modificar nada,Outros,408
No caso as altera√ß√µes n√£o causam nenhum problema n√©?,D√∫vida,408
Na nota tem Geralmente os √©ticos √© 18%,Outros,408
Ta bom,Outros,408
Bom dia,Sauda√ß√£o,410
Preciso falar urgente c Erisson,Problema,410
Quero saber da alteracao do meu sostema,D√∫vida,410
Q ficou p ser feita c maxima urgencia,Outros,410
Mas ai no caso vou ter qye colocar o valor de todos na venda ne,D√∫vida,412
Bom dia,Sauda√ß√£o,414
Maylana.?,D√∫vida,414
Quem √© Ent√£o?,D√∫vida,414
Ah que bom,Outros,414
Bom dia,Sauda√ß√£o,416
Quem √©?,Sauda√ß√£o,416
Fui la e coloquei o estoque atua Mas n√£o mudou n√£o,Problema,416
Mas agora mudou msm,Outros,416
Tenho outra D√∫vida,D√∫vida,416
Msm eu tendo colocado ja o c√≥digo do pacotinho.?,D√∫vida,416
Ta bom,Outros,416
Obrigada,Outros,416
Bom dia,Sauda√ß√£o,418
Maylana?,D√∫vida,418
Gostaria que me ensinasse a fazer uma nota fiscal eletr√¥nica,D√∫vida,418
Vc ja ensinou pra mocinha Mas foi a fazer uma direta,Outros,418
E ela n√£o sabe mais e nem eu entendi,Outros,418
Ai no caso aki o qie eu entendi √© que n√£o vai ser direta pq os produtos ja est√£o no estoque,D√∫vida,418
Ja passei a venda Falta so confirmar E n√£o sei como fa√ßo,D√∫vida,418
Ok,Outros,418
Pois vamos deixar pra amanh√£ de manh√£ Ent√£o,Outros,418
Quando eu chegar entro em contato,Outros,418
Bom dia,Sauda√ß√£o,420
Lyslaine quando poss√≠vel ligue pra n√≥s,Problema,420
Pode ligar,D√∫vida,420
Tem sim,Outros,420
Boa tarde,Sauda√ß√£o,420
P gente v a quest√£o da sangriab,Problema,420
Ok,Outros,420
Vamos,Outros,420
Qualquer coisa entro em contato novamentev,Outros,420
Bom dia. Pessoal estou com problemas novamente em um dos caixas. Estou usando apenas a pr√©-venda.,Problema,421
Pois o de passar vendas n√£o est√° dando certo.,Problema,421
Voces podem acessar nosso sistema agora ?.,D√∫vida,421
Boa tarde,Sauda√ß√£o,421
Mais um problema em um dos caixas.,Problema,421
Voc√™s podem acessar nosso sistema agora ?.,D√∫vida,421
Boa noite . j√° enviamos este computador para assist√™ncia.,Outros,421
Qualquer contra tempo entro em contato.,Outros,421
De j√° obrigada.,Outros,421
Bom dia,Sauda√ß√£o,424
Lyslaine?,D√∫vida,424
Cheguei agora e ainda continua,Problema,424
Como faz p sair dessa q ta na frente ?,D√∫vida,424
A simm entendi ... pessei q vc tivesse falando e q tinha q selecionar se era a vista ou a prazo kkk,Outros,424
Boa tarde,Sauda√ß√£o,426
Nao abre mesmo colocando a senha,Problema,426
Sera q foi por causa dessa atualiza√ß√£o do java ????,D√∫vida,426
Ok,Outros,426
Se vc restaurar  o sistema?,D√∫vida,426
Pq foi instalado um programa2,D√∫vida,426
Vej ai na area de trabalho,Outros,426
Eageat,Outros,426
Ai foi atualizado bo java,Outros,426
√â,Outros,426
Pois entao vamos aguardar,Outros,426
E agora?,D√∫vida,426
Vc quer a senha novamentev?,D√∫vida,426
Ta baixando aqui,Outros,426
Ta bom,Outros,426
 Vou anotar aqui os dados total aqui do cx p com f√© em Deus fechar o cx amanh√£,Outros,426
Bom dia,Sauda√ß√£o,428
Ja  ja,Outros,428
Lislayne ja estou aqui com o rapaz . A pasta importante mesmo √© s√≥ essa q vc me enviou mesmo  n√©. Ele ja vai come√ßar a formatar,Outros,428
Ta bom,Outros,428
Vc sabe como e q ta salvo aqui pois ele nao esta encontrndo,Problema,428
Vc pode ligar p mim,Sauda√ß√£o,428
Deixei l√° l√° na na lan house dele ele falou que 3 horas era para mim entrar em contato com ele,Outros,428
A√≠ eu estou aguardando aqui,Outros,428
T√°,Outros,428
j√°  est√°  pronto,Outros,428
A iris ta pedindo p vc ligar p ela pois n√£o ta conseguindo falar com vc,Problema,428
Bom dia,Sauda√ß√£o,430
Lislay?,D√∫vida,430
Ja estamos com a maquina aqui dizendo ele q formatou kkkk,Outros,430
Vou te passar aqui o acesso,Outros,430
Pronto,Outros,430
Desliguei,Outros,430
E liguei kkkk,Outros,430
So lembra p vc colocar o atalho na area de trabalho p dar entrada por Xml,Outros,430
Pois ta bom,Outros,430
Ta sim ate agora deu mais problemas n√£o,Outros,430
Mulher deu certo,Outros,430
Parece,Outros,430
n√£o tava no lugar corrwto e nem percebi okkk,Outros,430
Boa noite,Sauda√ß√£o,430
Bom dia,Sauda√ß√£o,434
Valei me ....,Outros,434
Sempre q aparecer eu salvo √©,D√∫vida,434
Mais posso salvar ?,D√∫vida,434
Ta bom,Outros,434
n√£o hj foi a primeira vez .inclusive nao imprimiu o papel da abertura de cx,Problema,434
Ta saido a fiscal mesmo,Problema,434
S√≥ q sai em contigencia,Problema,434
Mais ta normal como todo dia mesmo .ultimamente sempre est√° em contingencia,Problema,434
√â vc ja tinha me falado mesmo . Entao axho q ta tudo ok por enqnto kkkk,Outros,434
Pois me mostra aqui s√≥ mais uma vez p eu fazer hj pq ainda n√£o fiz,Outros,434
Ou te passar acesso,Outros,434
Pronto,Outros,434
√â s√≥ assim ?,D√∫vida,434
Ta bom entao hj vou fazer isso,Outros,434
Obg,Outros,434
Boa tardey tem como o rapaz usar o notebook porque ele tem que puxar umas notas pendentes da Sefaz para dar entrada s√≥ que ele precisa usar certificado digital ele tentou usar outra m√°quina mas n√£o deu certo por conta do certificado s√≥ que eu fiquei com medo de dar problema novamente por isso estou lhe perguntando se pode ou n√£o,D√∫vida,436
Pois ta bom entao ... vou fechar .√â Mais mesmo assim vou fazer o bekaup,Outros,436
Tomara q n√£o der nenhum problema,Outros,436
Eu ja fiz aqui os procedimentos e ja passei o acesso aqui p ele .ele falou q n√£o ia mexer em nada nao s√≥ pegou  aqui uns dados do certificado,Outros,436
E ja ia tentar fazer mesmo no computador dele,Outros,436
"Lislayne eu queria s√≥ saber se tem a op√ß√£o de n√£o imprimir a notinha .pq tem muitos clientes q n√£o quer, se tivesse seria bom pq pouparia o papel",D√∫vida,440
"T√° bom, no momento era s√≥ isso mesmo .obg.",Outros,440
Bom dia,Sauda√ß√£o,442
Falo com quem ?,D√∫vida,442
Isso,Outros,442
T√° bom vou faze aqui,Outros,442
Boa tarde ,Sauda√ß√£o,442
"Pronto terminei de incluir os produtos,agora eu salvo ou associo os produtos ao existente?",D√∫vida,442
S√≥ salva mesmo ? ,D√∫vida,442
Pronto ... ser√° q deu certo?,D√∫vida,442
Ok obg at√© mais,Outros,442
Bom dia,Sauda√ß√£o,446
Lislayne???,D√∫vida,446
√â q eu fui dar baiza na conta de uma cliente e na hora q foi imprimir o comprovante aparece uma mensagem dizendo q o pdv n√£o est√° respondendo ....,Problema,446
Ent√£o n√£o sei como fazer vc pode me ajudar ?,D√∫vida,446
Ta T√° bom vou v aqui √© q fiquei com medo de fechar pq la dizia q poderia perder alguns dados,Outros,446
T√° carregando aqui ainda,Outros,446
Ta sim,Outros,446
Ok vou tentar aqui,Outros,446
Sob um instante,Outros,446
Kkk a internet aqui √© muito ruim,Outros,446
Deu certo,Outros,446
n√£o s√≥ umas p vender mesmo vou ja fazer isso,Outros,446
Aproveitando quero lhe perguntar se ja foi atualizado o sistema p imprimir notinha s√≥ se quiser ou n√£o?,D√∫vida,446
Bom dia,Sauda√ß√£o,448
Sim,Outros,448
Posso ir acompanhando aki,Outros,448
Movimento- total vendido?,D√∫vida,448
O a prazo √© referente a duplicata?,D√∫vida,448
Vou olhar aki,Outros,448
Nao estamos conseguindo salvar,Problema,448
Primeiro,Outros,448
do sistema ali√°s A√≠ no finalzinho,Outros,448
Ta bom,Outros,448
Pra ser sincera ela nunca saiu de conting√™ncia...,Outros,448
Vamos conferi aqui,Outros,448
Bom dia,Sauda√ß√£o,450
Gostaria de falar com a Lyslaine,Outros,450
Lyslaine chiqueüëèüèºüòä rsrss,Outros,450
T√° bom,Outros,450
Aguardo,Outros,450
Oi mayllana,Sauda√ß√£o,450
"Ocorreu um erro aqui no fechamento de caixa de ontem, ao inv√©s de ter sido digitado 1.134,95, foi digitado 134,95.",Problema,450
"Consequentemente teve uma diferen√ßa no calor geral de 1.000,00",Problema,450
"Tirando essa parte que n√£o entendemos,  nos acha que s√≥ fazendo um investimento vai dar certo... mas antes entramos em contato com vcs pra saber se estamos corretas pra evitar mais erros",Problema,450
Pode ligar nesse aqui msm do whats,Outros,450
Acho que problema na Tim,Outros,450
Calma ai ,Outros,450
Vou lhe passar o vivo,Outros,450
Pois ta complicado kkkk,Outros,450
Um momento,Outros,450
Tente nesse,Outros,450
Reinaldo,Outros,450
Descobri aki,Outros,450
Sim,Outros,450
Ent√£o como a gente faz?,D√∫vida,450
Faz o investimento msm?,D√∫vida,450
"√â essa diferen√ßa negativa de 739,00 Vc sabe explicar? ",D√∫vida,450
Pq essa parte ai eu n√£o entendi n√£o kkkk,Outros,450
"Eu tava olhando aki onde faz o investimento: creio que √© s√≥ colocar 1.5 (quebra de caixa) e colocar o valor de 1.000,00 e justificar o motivo.",Outros,450
Correto?,D√∫vida,450
Ol√°aaaa,Sauda√ß√£o,450
Tudo bem,Outros,450
Sem problemas segunda agente entra em contato. √â vc mesmo segunda ?,D√∫vida,450
Ok obg pela aten√ß√£o,Outros,450
Ol√° Boa tarde,Sauda√ß√£o,452
"To tentando dar entrada na nota fiscal e est√° aparecendo essa mensagem,vc pode me ajudar com isso ?",Problema,452
Mocinha aqui...,Outros,452
Qndo eu clico em avan√ßados aparece s√≥ isso,Outros,452
Deu certo aqui...,Outros,452
Obg,Outros,452
Boa tarde,Sauda√ß√£o,452
Tem como cancelar um haver recebido? ‚òπ,D√∫vida,452
O cliente pagou e depois desistiu e agora est√° constando o pagamento no caixa e n√£o tem o dinheiro lkkkkk,Problema,452
Bom dia,Sauda√ß√£o,454
Demora muito p fazer isso ?,D√∫vida,454
Pois por enquanto agente vai usar s√≥ uma m√°quina mesmo p fazer t√° certo!,Outros,454
Ok,Outros,454
Apareceu essa tela posso fechar,D√∫vida,454
Ok,Outros,454
Bom dia,Sauda√ß√£o,455
N√£o estou conseguindo baixar as notas pelo XML,Problema,455
Pode ser agora,Outros,455
Um instante,Outros,455
Nessa tela tinha o emulador,Outros,455
No primeiro q vc mexeu,Outros,455
Sim,Outros,455
N√£o est√° aceitando a senha,Problema,455
Pq minha senha e usu√°rio era 3 / 3 na farm√°cia  e 4/ 4 no emulador,Outros,455
Bom dia,Sauda√ß√£o,456
Pois √©,Outros,456
N√≥s n√£o est√°vamos lembrando que era feriado,Outros,456
Era pra pedir Auxilio aki com o sistema,Outros,456
J√° est√° no ponto de n√≥s come√ßar a usar,Outros,456
Tinha me ocupado aki,Outros,456
Isso,Outros,456
De como vender a vista e a prazo,Outros,456
Lan√ßar na conta dos clientes os produtos,Outros,456
Receber haver,Outros,456
E Se vcs tem um meio mais pr√°tico pra gente dar baixa em tudo que j√° foi vendido ap√≥s ter sido lan√ßado estoque‚òπ...pq n√≥s sinceramente n√£o estamos sabendo como fazer,D√∫vida,456
Ta bom,Outros,456
Ol√° boa tarde,Sauda√ß√£o,456
N√≥s  estamos aguardando.,Outros,456
N√£o esque√ßam de nos n√£o kkkk,Outros,456
N√≥s quer come√ßar a usar o sistema,Outros,456
Foi com vc q falamos pela manh√£?,D√∫vida,456
Ta certo,Outros,456
Jaja,Outros,456
Pode ser nesse mesmo,Outros,456
Oi,Sauda√ß√£o,456
Ta bom,Outros,456
Ta ,Outros,456
Jaja,Outros,456
Ah sim,Outros,456
Teve desconto n√£o,Outros,456
E agora?,D√∫vida,456
"Ele deu os 52,00 trocado",Outros,456
ovir seu √°udio de Novo kkk,Outros,456
Quando n√≥s concluir essa ai,Outros,456
J√° tem uma venda pra fazer a prazo,Outros,456
Pois vamos ligar aqui ele ... s√≥ um instante,Outros,456
Estamos vendo aqui com o contador,Outros,456
Jaja entramos em contato,Outros,456
O contador mandou te enviar isso aki kkkk,Outros,456
Baixando,Outros,456
Mandamos seu √°udio pra ele....,Outros,456
Esperar ver o qie ele vai dizer,Outros,456
Mas enquanto isso vamos colocar aki n√£o fiscal ta,Outros,456
Pra n√£o perder mais tempo,Outros,456
Ok?,D√∫vida,456
Cliquei,Outros,456
Ok agora?,D√∫vida,456
S√≥ imprimiu uma,Outros,456
Certo?,D√∫vida,456
Acompanhe ai,Outros,456
Pra ver se est√° correto,Outros,456
Um erro aki no pre√ßo,Problema,456
√â agora?,D√∫vida,456
Como cancela a venda pra ajeitar o pre√ßo?,D√∫vida,456
Ta bom,Outros,456
Pronto,Outros,456
Acompanhe ai agora,Outros,456
J√° mudei mais continua do mesmo jeito,Problema,456
Ta bom,Outros,456
Vamos mudar aki,Outros,456
vou olhar aki os cadastros,Outros,456
Valia merma nada t√° dando certo,Problema,456
Gra√ßas a Deus,Outros,456
Ta bom,Outros,456
S√≥ consta um,Problema,456
E s√£o 100,Outros,456
Lan√ßa √â?,D√∫vida,456
T√°,Outros,456
Ta,Outros,456
Ok eu acgj,Outros,456
#acho,Outros,456
Ok ne ?,Outros,456
Acho que vender a vista e a prazo,Outros,456
J√° estamos sabendo,Outros,456
√â a dar baixa tbm,Outros,456
Agora fechar o caixa....,Outros,456
S√≥ vamos sofrer ainda ajeitando pre√ßo de rem√©dio pelo que percebi,Problema,456
Vou tirar aki um haver,Outros,456
Acompanhe ai,Outros,456
Ok,Outros,456
Agora vamos fechar o caixa,Outros,456
Sim...,Outros,456
√ä j√°,Outros,456
Chegou gente aki,Outros,456
Deu certo ne ?,D√∫vida,456
Kkkk ta bom,Outros,456
√â ja vamos pro caixa de novo,Outros,456
Jaja,Outros,456
Oh merma se os cli3ntes deixassem kkkkk,Outros,456
Valeime ta tudo com o pre√ßo errado,Problema,456
√â a lyslaine msm?,D√∫vida,456
Quase n√£o saia o nome kkk,Outros,456
Ah ta certo,Outros,456
Deu Certo,Outros,456
Vamos pro caixa,Outros,456
Pera ai,Outros,456
Ja mando um √°udio,Outros,456
Se n√£o quizer colocar valor dar certo?,D√∫vida,456
Explica ai agora...,D√∫vida,456
Vou te mandar o papel que saiu,Outros,456
Ah ta certo,Outros,456
Ja mando um √°udio,Outros,456
Cade teu √°udio?  Kkkk,D√∫vida,456
Que horas encerra seu expediente?,D√∫vida,456
Chegou,Outros,456
Baixando,Outros,456
Ouve so o √∫ltimo √°udio kkk,Outros,456
Rapidinho,Outros,456
Ta bom,Outros,456
Obrigada,Outros,456
Boa noite,Sauda√ß√£o,456
Boa tarde,Sauda√ß√£o,458
Ta certo,Outros,458
Ta bom ent√£o,Outros,458
Boa tarde ...,Sauda√ß√£o,460
lislayne vc pode colocar aqui na lateral do computador aquele atalho q fica na area de trabalho.p lan√ßar as notas por XML.,D√∫vida,460
√â q qndo estamos usando o sistema n√£o conseguimos voltar p area de trabalho,Problema,460
Ali√°s n√£o sabemos como voltar kkk,Outros,460
Ok deu certo mesmo,Outros,460
Mais ai vc v se dar certo p colocar l√° por favor,Outros,460
Obg.,Outros,460
Lislayne,Outros,462
Boa tarde,Sauda√ß√£o,462
√â q a Iris disse q ela queria falar comigo .,Outros,462
Da drogaria sao Jo√£o,Outros,462
Bom dia,Sauda√ß√£o,464
Vamos sim,Outros,464
Lislayne to sem sinal de internete .to usando aqui meus dados moveis,Problema,464
Nem sei vou entrar em contato com o pessoal aqui e lhe falo alguma coisa,Outros,464
Entao posso fechar ?,D√∫vida,464
Ok .,Outros,464
Bom dia,Sauda√ß√£o,468
Lislayne????,D√∫vida,468
Estamos aqui com o cx de ontem aberto p gente v a quest√£o do cx,Outros,468
Vamos,Outros,468
"No final do dia 8.548,90",Outros,468
Aquele valor diminuiu foi muito kkkk,Outros,468
√â ja,Outros,468
Mas n√£o foi fechado ontem,Outros,468
Ta aberto ainda,Outros,468
O caixa,Outros,468
So o nosso no caderno que fechamos,Outros,468
So a mocinha desocupar nos ver,Outros,468
Mas creio que da sim,Outros,468
Ja fizemos o procedimento que vc ensinou com as contas ,Outros,468
Confira,Outros,468
Agora nossa d√∫vida √©: o dinheiro nao consta no caixa ne?,D√∫vida,468
O dinheiro que damos baixa na conta caixa que me refiro,Outros,468
Entendi,Outros,468
E ai t√° dando certo ai ? Kkkk,D√∫vida,468
Ainda nao,Outros,468
Lislayne ....,Outros,468
Eu to aqui dando entrada da nota por xml ai to com uma duvida aqui,Outros,468
√â aqui na hora q termina pq faz umas peruntas,Outros,468
Vc ta conectada ai t√°,D√∫vida,468
Oi,Sauda√ß√£o,470
Jaja,Outros,470
Vou testar uma venda novamente,Outros,470
Observe ai,Outros,470
Posso?,D√∫vida,470
T√°,Outros,470
Vc viu ai?,D√∫vida,470
Ta bom jaja,Outros,470
Deu certo n√£o,Problema,470
Sim,Outros,470
Deu certo,Outros,470
Outro problema agora,Outros,470
Mulher eu mais a mocinha estamos aki muito preucupada,Outros,470
Pq os caixas n√£o est√£o batendo e n√≥s n√£o sabe o que fazer ,Problema,470
Eu entendi tudo que vc explicou sobre o sistema e ela tbm,Outros,470
Porem nos tem esse aben√ßoado caderno que por sinal o Dr.Jo√£o confia √© nele e la consta um valor inferior e muito ,Problema,470
"Ja conferimos umas 4 vezes e a √∫ltima consta em dinheiro 1.412,00 e no sistema tem bem mais",Problema,470
Olhe,Outros,470
"Tem 1.571,50",Outros,470
No sistema,Outros,470
Oh lyslaine deu certo,Outros,470
Ta bom,Outros,470
Entendemos ta,Outros,470
Obrigada,Outros,470
Bom dia!,Sauda√ß√£o,472
Como ficou resolvido a implanta√ß√£o das novas impressoras?,D√∫vida,472
Ok,Outros,472
Fico no aguardo,Outros,472
Sim..solicitou,Outros,472
 O certificado A1 fiz pelo CDL e me enviaram um e-mail pra baixar o arquivo,Outros,472
Eu vou enviar o email que recebi,Outros,472
Enviei o e-mail para infog2 tecnologia (Reinaldo),Outros,472
Ok,Outros,472
Bom dia,Sauda√ß√£o,474
Amanheceu imprimindo isso a√≠,Outros,474
Boa tarde,Sauda√ß√£o,474
Como ficou a impressora ?,D√∫vida,474
Bom dia,Sauda√ß√£o,477
Mailana,Outros,477
Nao estou consegiondo acessar anloja do sao cristovao,Problema,477
O q houve,D√∫vida,477
Preciso falar c Erisson referente as altera√ß√µes dos relatorios da fabrica..... q ele ficou de fazer,Outros,477
Preciso jrgente desses relatorios,Outros,477
Como falo c Erisson...,D√∫vida,477
 Preciso ir pensoalmentr p falar c ele???,D√∫vida,477
Sos .... preciso acessar sistrma,Outros,477
Da loja,Outros,477
A mailana por favor,Outros,477
Estou aguardando vc falar a 10‚Äù,Outros,477
Quem e????,D√∫vida,477
Absurdo esse atendimento,Outros,477
Eu acesso ddns,Outros,477
So o Janiel acessa,Outros,477
Me diga o q houve c esse erro p eu nao acessar a loja do sao cristovao,Outros,477
Moca eu ja acessei hjnp manha,Outros,477
E agora a poico ja nao acessou,Problema,477
Acho q nao trm nada a ver c ddns,Outros,477
Acesse aqui,Outros,477
E possivel,Outros,477
Eu nao trnho tecnico,Outros,477
O suporte q eu tenho e c vcs,Outros,477
E assinatura q eu tenho tb e com vcs,Outros,477
Moca e possivel vc resolver ou nao,D√∫vida,477
E preciso eu falar direto c gabriel sobre isso... uma vez q eu preciso acessar meus sistemas e nao acesso e busco vcs e nao resolvem,Problema,477
Moca e urgente,Outros,477
Preciso acessar meu sistem da loja,Outros,477
Se vc me ensinar .... pode ser p mim,Outros,477
Peco q vc oriente ele antes de sair p seu almoco,Outros,477
Poos estou precisando acessar urgente,Outros,477
Vc ja esta falando c Janiel,Outros,477
No zap,Outros,477
Pois resolva ai c ele,Outros,477
E depois me manda os comandos q eu vou aprender p eu nao ter esse tipo de aborrecimwnto,Outros,477
Pois fale ai c ele,Outros,477
Depois conversaremos,Outros,477
Certo,Outros,477
Alo,Outros,477
Estou aguardando,Outros,477
Boa tarde,Sauda√ß√£o,477
Sim,Outros,477
Agora,Outros,477
Um instante,Outros,477
Deu certo....,Outros,477
Agora me diga como fazer a atualizacao....,D√∫vida,477
Ele disse,Outros,477
Entao vejo c ele.... e qdo eu nao conseguir acessar o sistema .... como fazer... e ele q vai ficar atualizando.... em tempo q tem q ficar atualizando.... nos compramos um ano ddns,Outros,477
Ou nao vai mais ocorrer.... vinha ocorrendo p  conta do ddns?,D√∫vida,477
Certo.....diga p Erisson q estou aguardando meus relatorios,Outros,477
Obg,Outros,477
Boa tarde,Sauda√ß√£o,477
Estou precisnado falar c erisson urgente,Outros,477
 Veja depois da ultima atualizacao q foi feita na fabrica a uns 40 dd,Outros,477
Verificamos q houve alteracao no sistema,Outros,477
Eneunlrecuso q seja corrigido,Problema,477
Mailanna quero q vc fale c janiel. Esse momento,Outros,477
Pois ele ja se e co tra na fabrica p lhe apresentar esses erros,Outros,477
E a mailana???,D√∫vida,477
Vc pode flar agira j janiel,D√∫vida,477
O erro no desconto do produto,Problema,477
Por favor,Outros,477
Desconto de produto e tambem na formulacao de custos das racoes.....,Outros,477
Eu preciso q seja agora,Outros,477
Preciso fazer meus custos das racoes,Outros,477
E nao ta correto,Problema,477
Nem e prob. P depois,Outros,477
E assunto serio,Outros,477
E possivel p agora ou. NAO,D√∫vida,477
Responda,Outros,477
Reinaldo,D√∫vida,477
Vc vai resolver o problema?,D√∫vida,477
Ele esta no zap,Outros,477
Nao precisa ligar nao,Outros,477
Entre no zap e veja c ele,Outros,477
Nos tres estamos aqui jo zap,Outros,477
Vc ja esta falando c janiel,D√∫vida,477
Veja o tam do problema,Outros,477
E vte a ser como era antes da alteracao,D√∫vida,477
Vc ja eata falando c ele,D√∫vida,477
Esrou aqui aguardando a conserto,Outros,477
E peco q seja corrigido,Outros,477
Estou acompanhando,Outros,477
Que tempo sera corrigido,D√∫vida,477
Certo...,Outros,477
Bom dia,Sauda√ß√£o,478
O √≠cone do pdv desapareceu da tela,Problema,478
N√£o estou emitindo cupom fiscal,Problema,478
Boa tarde!,Sauda√ß√£o,480
Instalaram o pdv do caixa nas n o programa da farm√°cia popular,Problema,480
Bom dia,Sauda√ß√£o,480
Estou com.esse terminal precisando cadastrar no site do minist√©rio da sa√∫de e,Problema,480
Boa tarde,Sauda√ß√£o,484
Estou com problemas pra acessar o √≠cone do pr√© venda em um dos terminais de consulta de pre√ßo.,Problema,484
O √≠cone n√£o abre,Problema,484
Pra faz√™ pr√© venda,Outros,484
Bom dia. Um dos computadores j√° foi formatado. Gostaria do suporte de voc√™s para instalar o sistema.,Problema,488
Por favor,Outros,488
Deu certo Reinaldo?.,D√∫vida,488
Apc,Outros,488
Est√° aqui,Outros,488
Desculpe.,Outros,488
Falta de aten√ß√£o minha,Outros,488
Elgin,Outros,488
Certo.,Outros,488
Sim,Outros,488
Est√° no nome do L√©o.,Outros,488
Ok..irei repassar a ele.,Outros,488
Reinaldo estou com problema no computador do escrit√≥rio,Problema,488
Voce pode acessar e verificar?.,D√∫vida,488
Desconsidere est√° mensagem por favor. A quest√£o mesmo s√£o nossos computadores. Levaremos para manuten√ß√£o tamb√©m. A√≠ entrarei em contato. De j√° obrigada.,Outros,488
Na verdade √© erro no sistema mesmo. Ele fecha direto.,Problema,488
Por favor me d√™em suporte!!!!!,Outros,488
Nao estou conseguindo usar o sistema.,Problema,488
Por favor. Suporte. Preciso lan√ßar notas.,Outros,488
Nao estou conseguindo fechar a nota. Uma nota a vulso . Por√©m desde cedo ele est√° apresentando problema. O programa fecha e aparece algumas mensagens.,Problema,488
Printei na tela para voc√™ ver,Outros,488
Voc√™ pode acessar nosso sistema agora,D√∫vida,488
Bom dia,Sauda√ß√£o,490
Tem sim,Outros,490
Estou com problemas no telefone,Problema,490
Sim,Outros,490
Foi dia 07/04,Outros,490
No s√°bado,Outros,490
E consta no dia 05/04 ?,D√∫vida,490
Mas n√£o conseguimos efetuar a venda,Problema,490
Porque cobra alguns produtos,Problema,490
Que n√£o √© para cobrar,Problema,490
Ta bom,Outros,490
Eu vou tentar fazer novamente,Outros,490
Certo,Outros,490
O cpf est√° errado,Outros,490
E realmente n√£o consta a venda,Problema,490
No site,Outros,490
Mas tentei fazer a venda e n√£o consegui,Problema,490
Tento fazer o estorno e n√£o consigo,Problema,490
Dois produtos n√£o est√° sendo liberados,Problema,490
E n√£o consigo efetuar a venda,Problema,490
Fica cobrando esses produtos,Outros,490
A nova portaria j√° passou a vigorar ?,D√∫vida,490
Certo,Outros,490
Mas a√≠ como fa√ßo pra fazer a venda dessa cliente ?,D√∫vida,490
Certo,Outros,490
Bom dia,Sauda√ß√£o,492
Okay,Outros,492
Bom dia,Sauda√ß√£o,494
Estou tendo problemas com servidor,Problema,494
H√° 2 dias,Outros,494
N√£o abri e n√£o consegui fazer redu√ß√£o z de sexta feira,Problema,494
Sim,Outros,496
Pode ligar pra farm√°cia,Outros,496
Que v√£o lhe atender,Outros,496
Boa tarde!,Sauda√ß√£o,498
Estou com problemas em um dos caixa,Problema,498
N√£o est√° fazendo venda da farm√°cia popular,Problema,498
Boa tarde!,Sauda√ß√£o,498
Tah certo,Outros,498
Bom dia!!,Sauda√ß√£o,499
Estou com problemas em todos os meus estoques,Problema,499
Por favor assim que lerem essa mensagem me retorne,Outros,499
O sistema est√° multiplicando obestoque e gerando outros,Problema,499
J√°,Outros,499
Ha erro,Problema,499
Vou sair para estacionar o carro,Outros,499
Volto logo,Outros,499
Lislayne demorei um pouco pq fui ver como foi que aconteceu isso,Outros,499
Eu zerei esse produto pois n√£o tinha na loja associei a outro mas continuou o estoque,Problema,499
Mas j√° encontramos v√°rios produtos com estuques altos como ontem que tinha 34 na loja e mais de com no estoque,Problema,499
Sempre que encontramos √© mais de cem,Problema,499
"Isso j√° tinha acontecido antes, na √©poca do √çcaro,  ele ajeitou",Outros,499
Mas me deu um trabalh√£o pois n√£o sab√≠amos quanto tinha cada produto no estoque,Outros,499
Colocamos uma quantidade para alterarmos conforme a venda,Outros,499
Essa nota foi a √∫ltima que lancei,Outros,499
Deu um problema ao associar um produto,Problema,499
Mas resolvi indo em estoque,Outros,499
Lembro de alterar esse produto,Outros,499
"Devido a esse 0,01 a cliente fez confus√£o na loja",Outros,499
Pois era direito de todos receber o troco,Outros,499
nao tem moeda,Outros,499
certo,Outros,499
Obrigado pela aten√ß√£o!,Outros,499
Bom dia,Sauda√ß√£o,500
Tem como puxar a mem√≥ria fiscal da impressora de cinco anos ?,D√∫vida,500
Bom dia,Sauda√ß√£o,502
Blza,Outros,502
Bom dia,Sauda√ß√£o,504
S√≥ um instante,Outros,504
Faz primeiro um caixa depois o outro,Outros,504
J√°ja,Outros,504
Bom dia,Sauda√ß√£o,504
Eu tenho boletos em aberto com voc√™s?,D√∫vida,504
Certo obrigada,Outros,504
Ainda n√£o,Outros,504
Quero que der certo at√© o final do m√™s,Outros,504
"Ok, obrigada!",Outros,504
Como funciona?,D√∫vida,504
Bom dia,Sauda√ß√£o,506
Estou tentando fechar o dia,Problema,506
Mais diz o invent√°rio est√° aberto,Problema,506
Mais como q fa√ßo pra saber,D√∫vida,506
Ok,Outros,506
T√°,Outros,506
Mais quando ou q horas ?,D√∫vida,506
T√° bom,Outros,506
Bom dia,Sauda√ß√£o,508
Estou precisando de ajuda,Outros,508
Pq o invent√°rio n√£o foi aceito ainda,D√∫vida,508
Tenho q excluir esse medicamento a√≠,Outros,508
Mais n√£o t√¥ conseguindo,Problema,508
Tem como vc fazer n√£o,D√∫vida,508
J√° tentei n√£o deu certo,Problema,508
N√£o conseguir,Outros,508
Pronto,Outros,508
Ok,Outros,508
Certo,Outros,508
J√° posso da entrada n√≥s medicamentos,D√∫vida,508
T√° bom,Outros,508
Obg,Outros,508
Bom dia,Sauda√ß√£o,510
ok,Outros,510
obrigada,Outros,510
Bom dia,Sauda√ß√£o,512
Euzilane falando,Outros,512
O invent√°rio foi aceito,Outros,512
Agora o q devo fazer ?,D√∫vida,512
Ok,Outros,512
Bom dia,Sauda√ß√£o,514
Euzilane falando,Outros,514
Queria resolver esse problema do invent√°rio,Outros,514
O invent√°rio est√° aberto,Outros,514
 Acho q tem q confirmar o invent√°rio no sistema,Outros,514
Certo,Outros,514
Vou come√ßar enviar do fia 05/06/18 ao dia 09,Outros,514
√â isso ?,D√∫vida,514
Ok,Outros,514
Obgda,Outros,514
Bom dia,Sauda√ß√£o,521
Reinaldo fez uma atualiza√ß√£o,Outros,521
Ontem.,Outros,521
Quero s√≥ confirmar com ele se foi apenas do √©tico,D√∫vida,521
Agrade√ßo !!!,Outros,521
Bom dia,Sauda√ß√£o,522
Ok,Outros,522
Posso,Outros,522
Pode ligar agora,D√∫vida,522
Vc quero o id?,D√∫vida,522
Ok,Outros,522
O pr√≥ximo arquivo a enviar 21/05/2018,D√∫vida,522
N√© isso ?,D√∫vida,522
Estou tentando cancelar uma venda e esta aparecendo essa mensagem,Problema,524
Oi bom dia,Sauda√ß√£o,526
Ok,Outros,526
Recebi,Outros,526
Boa tarde,Sauda√ß√£o,528
Estou com um probleminha aqui no sistema,Problema,528
Esta aparecendo certificado vencido,Problema,528
Mas segundo o email que recebemos ele √© v√°lido ate 20/06,Outros,528
Voltou ao normal,Outros,528
Oi bom dia,Sauda√ß√£o,530
Nao estou conseguindo imprimir,Problema,530
Nao imprime tbm,Problema,530
Esse ae √© do computador q n ta imprimindo,Outros,530
Esse aqui de dentro,Outros,530
Brother,Outros,530
Sim,Outros,530
So um minuto,Outros,530
Deu certo,Outros,530
Obrigado,Outros,530
Ta bom ,Outros,530
"Boa tarde, estou precisando fazer reajuste de pre√ßos em determinada se√ß√£o de produtos. Como vai se comportar o pre√ßo dos produtos fracionados( UND) ? V√£o permanecer o mesmo ou reajustar na mesma propor√ß√£o?",D√∫vida,532
"se√ß√£o de medicamentos, nos produtos de caixa/unidade quando fa√ßo reajuste manual o pre√ßo da fra√ß√£o cai devido o valor de fra√ß√£o ser superior ao de caixa.",Outros,532
Obrigado,Outros,532
Bom dia,Sauda√ß√£o,534
Quando mando gerar o relatorio de movimento de vendas e compras pelo sistema e mando salvar em pdf nao esta dando certo,Problema,534
Aparece essa mensagem,Outros,534
Ta bom,Outros,534
Aguardo,Outros,534
So com o pai e ele n ta mais aqui,Outros,534
Vc pode salvar o arquivo ?,D√∫vida,534
Total vendido,Outros,534
Entradas,Outros,534
√â tipo a quantidade que foi comprada,Outros,534
Mes de maio,Outros,534
Obrigado,Outros,534
Bom dia,Sauda√ß√£o,536
N abre o sistema,Problema,536
Deu certo aqui,Outros,536
Oi,Sauda√ß√£o,538
Nao estou mais na farmacia,Outros,538
Vou avisar aqui a moca,Outros,538
Mas o outro funciona ate amanha,Outros,538
Ela disse q esta fazendo venda normal,Outros,538
Boa tarde,Sauda√ß√£o,540
Do caixa? Ou la do balcao ?,D√∫vida,540
√â uma venda especifica,Outros,540
Acabei de pedir,Outros,540
Ta na tela,Outros,540
Pronto ?,D√∫vida,540
Ok,Outros,540
Deu,Outros,540
Ta bom,Outros,540
Obrigada,Outros,540
Bom dia,D√∫vida,542
Pai pediu pra limpar os debitos do farmacia popular aqui do sistema,Outros,542
Que ja esta muito alto,Outros,542
Duplicatas?,D√∫vida,542
Mas n tem opcao farmacia popular ,Outros,542
Os valores sao exatamentes o valor das vendas passadas no farmacia popular,Outros,542
Ok,Outros,542
Mas tem dar baixa no debito que ja existe?,D√∫vida,542
Ta bom,Outros,542
Posso ir fechando as vendas ?,D√∫vida,542
Boa a tarde,Sauda√ß√£o,543
Nao eata acessandono sistema da fabrica,Problema,543
Peco q vc veja c ele.... n me enco tro na fabrica.... e estou orecisamdo acessar o sistema,Outros,543
Por favor,Outros,543
Ligue p ele e fale c elenp resolver esse problema,Outros,543
Certo,Outros,543
Aguardo,Outros,543
Daqui a uma,Outros,543
Bom dia,Sauda√ß√£o,544
Queria ajeitar o vencimento de uma nota que fechei errado,Problema,544
Eu sei se com minha senha da pra mexer no sistema n,Outros,544
Acho q algumas coisas sao bloqueadas,Outros,544
Ve se minha senha da certo,Outros,544
Ja entrei,Outros,544
Essa ae,Outros,544
Cliquei,Outros,544
N abre nada,Problema,544
Ta bom,Outros,544
Certinho,Outros,544
Obg,Outros,544
Bom dia,Sauda√ß√£o,546
Quando vou acessar o sistema aparece essa mensagem e nao entra,Problema,546
Deu certo,Outros,546
Bom dia,Sauda√ß√£o,548
Fizemos o cadastro dos pbms,Outros,548
Agora eu queria saber quem √© que da o treinamento pra gente ?,D√∫vida,548
O rapaz me passou esses nomes :Theraski e chiesi,Outros,548
Bom dia,Sauda√ß√£o,550
Nao consigo acessar o sistema,Problema,550
Ja reiniciei 2x e nao entra,Problema,550
Nao,Outros,550
Ta nao,Outros,550
Liguei agora,Outros,550
Ok,Outros,550
Obrigado,Outros,550
Bom dia,Sauda√ß√£o,552
Queria tirar umas duvidas a respeito da impressora fiscal,D√∫vida,552
Thayanne / Drogaterpi,Outros,552
Quebrou a alavanca,Problema,552
Q abre,Outros,552
Ta bom,Outros,552
Sim,Outros,552
Jaja,Outros,552
Vou fazer aqui a mudanca,Outros,552
Foi,Outros,552
Ja coloquei a outra no pugar,Outros,552
Pronto,Outros,552
N deu,Outros,552
Saiu,Outros,552
Obrigado,Outros,552
"Bom dia. Dinha entrou em contato com voc√™s hoje cedo. J√° chegou um dos computadores que foram para manuten√ß√£o. Preciso instalar o sistema e o certificado digital. Por favor me d√™em um retorno mais breve poss√≠vel, pois o computador √© um dos nossos caixas, e precisamos muito dele.",Problema,554
Reinaldo se encontra?.,D√∫vida,554
Certo. Irei aguardar o suporte.,Outros,554
Ainda estou aguardando.....,Outros,554
Um momento,Outros,554
Perd√£o,Outros,554
Nao. Voc√™ ter√° que fazer igual ao que o Reinaldo fez ontem. Ajustar a impressora a m√°quina. E as instala√ß√µes,Outros,554
Com certeza,Outros,554
Sim. Srta,Outros,554
O que pode ser ?,D√∫vida,554
O que seria ?.,D√∫vida,554
"Isso s√≥ quando instalasse o c√≥digo digital, ou estou errada ?!.",D√∫vida,554
S√≥ a nota para consumidor.,Outros,554
Este √© usado para caixa.,Outros,554
Certo,Outros,554
Usu√°rio e senha s√£o os mesmos,Outros,554
Pronto.,Outros,554
Deu certo,Outros,554
√â bom o t√©cnico verificar o windows para prever de poss√≠veis problemas ?,D√∫vida,554
Certo. Obrigada.,Outros,554
Irei fazer isso.,Outros,554
J√° mostrei,Outros,554
o computador foi formatado,Outros,555
o rapaz que formatou ja falou com alguem da ir,D√∫vida,555
sim,Outros,555
e o sngpc,Outros,555
Bom dia,Sauda√ß√£o,556
Estou com problemas na impressora fiscal,Problema,556
Ja fiz isso,Outros,556
Tbm ja reiniciei o computador,Outros,556
E n deu,Outros,556
Fiz tudo de novo,Outros,556
To testando aqui uma venda,Outros,556
Deu certo,Outros,556
Aah ta bom,Outros,556
√â pq hj ele fez uma atualiza√ß√£o e demorou abrir a tela,Outros,556
Ta bom,Outros,556
Vou passar pra outra mo√ßa tbm,Outros,556
Oi,Sauda√ß√£o,556
A impressora n ta imprimindo de novo,Problema,556
Sim,Outros,556
Saiu todos os papeis ja,Outros,556
Q eu tinha mandado,Outros,556
Bom dia,Sauda√ß√£o,558
Preciso configurar a impressora fiscal,Outros,558
Ok,Outros,558
Sim,Outros,558
Deu certo,Outros,558
Nao,Outros,558
Obrigado,Outros,558
Oi,Sauda√ß√£o,558
Faltou comfigurar la fora,Outros,558
Eu acabei esquecendo,Outros,558
"A impressora q estava aqui dentro , foi pra um computador la fora",Outros,558
Deu impressora em estado de erro,Problema,558
So um minuto,Outros,558
Emulador ?,D√∫vida,558
Q √© isso ?,D√∫vida,558
Oi bom dia,Sauda√ß√£o,560
Tive uma venda cancelada,Problema,560
O codigo q apareceu foi o -135,Problema,560
"Ja fui consultar no site mas n encontro a venda la ,",Outros,560
Vc sabe me dizer o q significa esse codigo ?,D√∫vida,560
Eu n achei a venda la,Outros,560
Faz uns 20 min,Outros,560
Bom dia,Outros,562
O pai quer saber pra que dia ficou agendado a alteracao de inventario ?,D√∫vida,562
O erison passou um email pra ele falando sobre isso,Outros,562
Ok,Outros,562
Sim,Outros,562
Manda para meu email para amanh√£,Outros,566
E j√° foi pago tamb√©m,Outros,566
Verifiquem para dar baixa,Outros,566
N√£o estou querendo nenhum atendimento no momento,Outros,566
"Ate pq mesmo eu tendo pago n√£o sou atendida ‚Äú as vezes‚Äù por n√£o darem baixa como vc falou,  fico a esperar as 24 hrs e entrarei em contrato para receber o devido atendimento. Obrigado!",Outros,566
A empresa n√£o tem acesso ao banco no line? Pq o comprovante √© DDA,D√∫vida,566
Bom dia,Sauda√ß√£o,568
Ela fez a venda,Outros,568
Agora fechou,Problema,568
Eu ja tinha tentado 3x,Outros,568
Ficava dando erro -135,Problema,568
Ta bom,Outros,568
Bom dia,Sauda√ß√£o,570
Sim,Outros,570
"Eu nao sei do se trata , mas assim que o pai chegar eu pergunto e aviso vcs",Outros,570
Pode ser ?,D√∫vida,570
Oi √©  a respeito da troca de farmaceutico mas so sera resolvido a tarde quando elas chegarem,Outros,570
Elas entrarao em contato com vcs depois das 14h,Outros,570
Oi,Sauda√ß√£o,572
Pai levou o celular q estava falando com vc,Outros,572
Ela e de ontem,Outros,572
Onde eu vejo ?,D√∫vida,572
Vou ver se encontro,Outros,572
"Aah , eu n conhecia",Outros,572
Ta n√£o,Outros,572
Ela foi entre 12h e 13h,Outros,572
Aaaah,Outros,572
√â,Outros,572
Obrigada,Outros,572
Nao,Outros,572
Bom dia,Sauda√ß√£o,573
Preciso falar com Reinaldo janeckine,Outros,573
Pode,Outros,573
Acho que ele deve ter comentado com vcs a respeito do problema que tivemos em rela√ßao a impress daruma,D√∫vida,573
Ent√£o ele deixou so um sistema caixa no servidor,Outros,573
A quest√£o √©,Outros,573
Como fa√ßo pra identificar quem fez uma venda de um determinado produto pelo seu usu√°rio e senha ??,D√∫vida,573
Vamo eu acesso qual janela primeiro,D√∫vida,573
E por produto tem como na mesma janela?,D√∫vida,573
J√° olhei aqui deu certo,Outros,573
Qualquer coisa te aviso,Outros,573
Bom dia,Sauda√ß√£o,574
Preciso de suporte,Outros,574
O sistema n√£o esta se communicando com a impressora,Problema,574
Acho que tem no pc,Outros,574
Vou procurar e te mando,Outros,574
Disponha,Outros,574
N√£o...procurei mas n√£o encontrei pedi o sr Joao que trouxesse um pendrive que ele tem e ver se foi salvo nele ai te comunico,Outros,575
Bom dia,Sauda√ß√£o,575
Foi feito atualiza√ß√£o do sistema e a impressora n√£o responde,Problema,575
Estou com cliente pra cart√£o,Outros,575
Bom dia,Sauda√ß√£o,576
Acc de maylana,Outros,576
A impressora dar uma nao esta respondendo,Problema,576
Nada,Outros,576
Sim,Outros,576
Deu xerto,Outros,576
