N√£o estou abrindo o plus em nenhum pc,PROBLEMA,1
Vendas do dia,OUTROS,1
T√° certo,CONFIRMACAO,1
Estou reiniciado e mando j√°,OUTROS,1
Abre o cx 8,OUTROS,1
Esse √© o que vejo se foi pra receita?,DUVIDA,1
Eduardo aqui,OUTROS,1
Boa tarde,SAUDACAO,1
N√£o t√¥ conseguindo abrir o caixa nos outros computadores,PROBLEMA,1
Esta usu√°rio esta aberto em outro caixa,OUTROS,1
No da impressora abre normal,INFORMACAO,1
Mas nos outros computadores n√£o abre,INFORMACAO,1
Nenhum,OUTROS,1
Nenhuma,OUTROS,1
Nessa que esta mexendo,OUTROS,1
√â,CONFIRMACAO,1
Sim,CONFIRMACAO,1
Esta abrindo todos,INFORMACAO,1
E nem o 3,OUTROS,1
Nessa maquina n√£o abre nenhum caixa,INFORMACAO,1
La t√° tufo fechado,INFORMACAO,1
Fechei pra ver se  era isso,INFORMACAO,1
T√° bom,CONFIRMACAO,1
Pronto,CONFIRMACAO,1
S√≥ isso mesmo,CONFIRMACAO,1
Obrigado,AGRADECIMENTO,1
J√° disse aqui pra ela,INFORMACAO,1
Maylana falo j√° com vc...Eduardo que √© agoniado...deixa ele sair do escritorio,INFORMACAO,1
ok,CONFIRMACAO,2
Bom dia,SAUDACAO,3
Com quem falo?.,DUVIDA,3
Sim,CONFIRMACAO,3
Nao,NEGACAO,3
J√° est√° conectada,INFORMACAO,3
Perdao,OUTROS,3
Argox-214 plus,INFORMACAO,3
Apenas 214,OUTROS,3
Sim,CONFIRMACAO,3
ok,CONFIRMACAO,3
Sim,CONFIRMACAO,3
Novamente ?.,DUVIDA,3
J√° fiz isso.,INFORMACAO,3
ok,CONFIRMACAO,3
üëçüèΩ,OUTROS,3
Certo..,CONFIRMACAO,3
Oi,SAUDACAO,3
No momento n√£o estou na empresa,INFORMACAO,3
Estou no centro,INFORMACAO,3
Pode deixar.,CONFIRMACAO,3
J√° estou no com√©rcio.,INFORMACAO,3
E agora,DUVIDA,3
O que fa√ßo ?.,DUVIDA,3
Mas essa impressora s√≥ √© usada aqui,INFORMACAO,3
√â problema no cabo?.,DUVIDA,3
Ou ent√£o a quest√£o da agiliza√ß√£o que ficou incompat√≠vel,OUTROS,3
Posso acessar ao computador,DUVIDA,3
Obrigada,AGRADECIMENTO,3
Boa tarde,SAUDACAO,3
Certo. Vou s√≥ lan√ßar mais umas notas e aviso a voc√™,INFORMACAO,3
Pode ser?.,DUVIDA,3
Sim,CONFIRMACAO,4
Tv de todos?,DUVIDA,4
Boa tarde,SAUDACAO,4
ok,CONFIRMACAO,4
ok,CONFIRMACAO,4
Oi,SAUDACAO,4
Ainda vai atualizar l√°?,DUVIDA,4
S√≥ um minuto,OUTROS,4
Obrigado,AGRADECIMENTO,4
Bom dia!,SAUDACAO,5
Estou precisando de uma nfe,INFORMACAO,5
√â urgente,OUTROS,5
Estou esperando mas o cliente tem pressa,OUTROS,5
Eita chamado demorado ü§î,OUTROS,5
Da impressora?,DUVIDA,5
Pode ser s√≥ uma copia tamb√©m,INFORMACAO,5
Mas se der para tirar pela impressora fiscal,  com demais,OUTROS,5
Ent√£o posso fazer outra? Tenho ela discriminada em um bloco,DUVIDA,5
Mas foi lion?,DUVIDA,5
Estou no cx,OUTROS,5
Da impressora,OUTROS,5
Vou l√°,OUTROS,5
Cancela,OUTROS,5
Tudo bem,CONFIRMACAO,5
Foi ele que s√≥ veio hoje,OUTROS,5
Posso fazer outra ent√£o,OUTROS,5
Que eu lembre agora naoüôà,NEGACAO,5
Masnsempre lembro de algo depois,OUTROS,5
Veja s√≥ com o Gabriel o que pedi,OUTROS,5
Ele sabe,OUTROS,5
Obrigado,AGRADECIMENTO,5
üòò,OUTROS,5
Boa tarde,SAUDACAO,7
Bom dia,SAUDACAO,7
Bom dia Mayllana,,7
Queria cadastrar alguns c√≥digos,INFORMACAO,7
Dos frios,OUTROS,7
Ok.,CONFIRMACAO,7
Tudo bem..rs.  Irei aguardar ent√£o.,CONFIRMACAO,7
Obrigada!.,AGRADECIMENTO,7
Boa tarde,SAUDACAO,8
Combinado üëç,CONFIRMACAO,8
Bom dia qual o arquivo. deve enviar hojr,DUVIDA,10
senha veja 3557,OUTROS,10
poor favor envie proximo pra mim,OUTROS,10
ok,CONFIRMACAO,10
n√£o. deu certo,NEGACAO,10
nao aparece mensagem,PROBLEMA,10
nao abre,PROBLEMA,10
mas esse. e perido que voce falou,OUTROS,10
qual seria o per√≠odo?,DUVIDA,10
o ultimo foi 23 a 28,OUTROS,10
corrija que nao estou entendo,PROBLEMA,10
envie o proximo por favor,OUTROS,10
posso come√ßar?,DUVIDA,10
Obrigada,AGRADECIMENTO,10
amanha gero outro e envio?,DUVIDA,10
ok,CONFIRMACAO,10
Boa tarde. Estou com problemas em tr√™s caixas. Incluindo o computador "m√£e",PROBLEMA,11
Eles est√£o dando falha. E o programa para de funcionar.,PROBLEMA,11
Estou aguardando,CONFIRMACAO,11
Por favor,OUTROS,11
Estou com o com√©rcio cheio de clientes.,OUTROS,11
Usando um caixa com prevenda.,OUTROS,11
Tava passando venda manualmente. Por isso n√£o atendi.,OUTROS,11
ok,CONFIRMACAO,11
ok,CONFIRMACAO,11
Ok. Vou passar uma venda,CONFIRMACAO,11
Veja o outro agora,OUTROS,11
S√≥ um momento,OUTROS,11
Vou lhe passar o outro.,OUTROS,11
Este a√≠ foi reiniciado deu certo,CONFIRMACAO,11
Mas por garantia quero que  voc√™s revisem ele,INFORMACAO,11
Pois amanh√£ ser√° bastante corrido.,OUTROS,11
E voc√™s estavam atendendo at√© o meio dia.,OUTROS,11
Sim. Este como havia dito. Pedi apenas para revisarem para verificar se estava com algo errado. Pois hav√≠amos reiniciado. ,OUTROS,11
Estava com o mesmo problema dos outros,PROBLEMA,11
Certo.,CONFIRMACAO,11
Agora vamos para o escrit√≥rio,OUTROS,11
Pode ser ?,DUVIDA,11
O problema dele √© outro.  Vou abrir,PROBLEMA,11
Aqui,OUTROS,11
Deixei salvo no word.,INFORMACAO,11
Deixarei aberto para voc√™s verificarem,INFORMACAO,11
Vou abrir o WhatsApp web para lhe enviar,INFORMACAO,11
Certo,CONFIRMACAO,11
Bom dia Mayllana.,SAUDACAO,11
Que bom que voc√™ falou cedo comigo.,OUTROS,11
N√£o estava conseguindo abrir o sistema.,PROBLEMA,12
Vou lhe passar o acesso.,OUTROS,12
No escrit√≥rio,OUTROS,12
Usu√°rio:8 senha:8,INFORMACAO,12
Eu ou voc√™?.,DUVIDA,12
Deu certo.,CONFIRMACAO,12
Agora vamos para os frios,OUTROS,12
Nao existe outro meio n√£o. Pois daqui que eu lhe repasse todos estes c√≥digos . Vai levar a manha,OUTROS,12
Nao nao. Nas vezes em que fiz apenas passei o codigo e o Reynaldo convertia,OUTROS,12
Entao ele pediu que quando acabasse os codigos reservas era s√≥ mandar os novos castrados e voces cadastrariam. Eles ainda n√£o foram castrados na balan√ßa. Fa√ßo isso S√≥ depois que falo com voc√™s.,OUTROS,12
Justamente. Como havia dito. S√≥ est√° cadastrado somente at√© o 90. A partir deste n√∫mero est√° livre.,INFORMACAO,12
Fa√ßa o seguinte.,OUTROS,12
Os meninos j√° iram cadastrar,INFORMACAO,12
Se este √© o caso.,OUTROS,12
Obrigada,AGRADECIMENTO,12
Preciso de refor√ßo em um dos caixas.,OUTROS,12
Por favor,OUTROS,12
Quero dizer que j√° tentei usar ele e n√£o consegui,PROBLEMA,12
Refor√ßo,OUTROS,12
No caso,OUTROS,12
Ajuda,OUTROS,12
Nao est√° fechando a venda,PROBLEMA,12
Tudo bem,CONFIRMACAO,12
Obrigada,AGRADECIMENTO,12
Obrigada,AGRADECIMENTO,12
Certo.,CONFIRMACAO,12
Acabei de chegar!.,OUTROS,12
Boa tarde,SAUDACAO,12
√â a segunda vez que acontece,PROBLEMA,14
üôÑ,OUTROS,14
Eita homem dificil,OUTROS,14
O Eduardo pediu que vc esperasse s√≥ um pouco enquanto ele troca o computador,INFORMACAO,14
N√£o vai demorar,INFORMACAO,14
Estou com o cx parado,OUTROS,14
Vai dar pra resolver?,DUVIDA,14
Beleza,CONFIRMACAO,14
Reinaldo esse pc n√£o tem nada instalado,INFORMACAO,14
Edu disse que √© para instalar tudo pois √© outro pc,OUTROS,14
T√¥ indo,OUTROS,14
A mesma mensagem de ontem,OUTROS,14
PC da impressora fiscal,OUTROS,14
N√£o estava no cx no momento,OUTROS,14
Vou la ver o que aconteceu ent√£o,OUTROS,14
Est√° normal,OUTROS,14
O que fa√ßo ?,DUVIDA,14
Tem estoque e cadastro certinho,INFORMACAO,14
ok,CONFIRMACAO,15
Boa tarde. Vilmara- funcion√°ria do com√©rcio O Pile. Vamos dar continuidade aos frios.,OUTROS,16
Bom dia Mayllana,SAUDACAO,16
Pode ser agora,OUTROS,16
ok,CONFIRMACAO,16
Vou fechar a venda,OUTROS,16
Pode ser ?.,DUVIDA,16
Certo..,CONFIRMACAO,16
Vou fechar a venda para voc√™ verificar o problema.,INFORMACAO,16
ok,CONFIRMACAO,16
Certo.,CONFIRMACAO,16
Certo. Vou testar agora.,CONFIRMACAO,16
Deu erro.,PROBLEMA,16
Certo,CONFIRMACAO,16
Deu Certo.,CONFIRMACAO,16
Tudo ok.,CONFIRMACAO,16
Muit√≠ssimo obrigada!.,CONFIRMACAO,16
Obrigada!.,AGRADECIMENTO,16
Bom da,SAUDACAO,17
Boa tarde Erison,SAUDACAO,17
Dei uma olhada. Poderia fazer demonstra√ß√£o,OUTROS,17
Pode,CONFIRMACAO,17
Bom dia,SAUDACAO,17
Pode ser a tarde,INFORMACAO,17
Boa tarde,SAUDACAO,18
Quando fui fe. ,OUTROS,18
fechar o dia diz que tem um que est√°. negativo,INFORMACAO,18
Bom dia !,SAUDACAO,19
Paguei logo,OUTROS,19
Ningu√©m retornou,OUTROS,19
E n√£o consigo falar com Joselio,OUTROS,19
Algum para testaurar,OUTROS,19
O lion t√° a√≠,OUTROS,19
Reinaldo o mawarebyte colocou esses programas a√≠ na quarentena,INFORMACAO,19
Tem algum de vcs que precise?,DUVIDA,19
Pois ainda pode restaurar,OUTROS,19
Vi o lion,OUTROS,19
Quando poder me atender ligue pois tenho um problema na venda da impressora,PROBLEMA,19
Ficou desde a √∫ltima atualiza√ß√£o,INFORMACAO,19
Fala para Gabriel que preciso falar com ele, por favor,OUTROS,19
Mas espero seu retorno para vermos o que est√° acontecendo e o que fazer na venda,OUTROS,19
Tamb√©m vou precisar fazer uma NFE amanh√£,OUTROS,19
N√£o usei essa vers√£o ainda,INFORMACAO,19
Reinaldo,OUTROS,19
S√≥ atendo no celular, fixo fica longe,OUTROS,19
O problema √© que quando vou fechar uma pr√© venda no PDV ele est√° acusando erro como vc falou que era,PROBLEMA,19
S√≥ que vou no produto e est√° tudo certinho,OUTROS,19
Bom dia,SAUDACAO,20
Preciso falar com Lis,INFORMACAO,20
Posso ligar agora,INFORMACAO,20
Aguardo. Liga nesse n√∫mero,INFORMACAO,20
Bom d√≠a,SAUDACAO,21
Obrigada,AGRADECIMENTO,21
Boa tarde!!!,SAUDACAO,22
Edu me disse que entrariam em contrato comigo,INFORMACAO,22
esse √© o da pr√© venda,OUTROS,22
O sistema fecha ao finalizarmos a conta,PROBLEMA,22
Trava e fecha,PROBLEMA,22
J√° vai,OUTROS,22
quem esta me atendendo?,DUVIDA,22
N√£o √© sempre que acontece, geralmente quando estamos passando muita mercadoria, mas √© confus√£o devido clientes da fila n√£o terem paci√™ncia,PROBLEMA,22
Veja a√≠,OUTROS,22
Pois j√° esta come√ßando o movimento aqui,OUTROS,22
Ou vc pode fazer isso amanh√£ numa hora mais calma?,DUVIDA,22
O que significa isso?,DUVIDA,22
Esse √© do notebook. ..quero fazer cadastro e lanchar nfe nas n√£o abre o sistema,PROBLEMA,22
Veja o que pode ser feito,INFORMACAO,22
Esse atendimento √© para agora, por favor.,OUTROS,22
üôÑüôÑüôÑüôÑ,OUTROS,22
Mayllana tamb√©m estava esperando me ligaremüôà,OUTROS,23
Nesse momento tem movimento na loja,OUTROS,23
Assim que Joselio sair para o almo√ßo dar√° pata fazer,OUTROS,23
Eu ligo dessa vezü§û,OUTROS,23
Kkk,OUTROS,23
Estou abrindo outra loja,INFORMACAO,23
J√° falei com Gabriel,OUTROS,23
Minha cabe√ßa t√° um n√≥,OUTROS,23
Mas vou ligar assim que estiver no cx,INFORMACAO,23
Oi...gostaria de falar com o Gabriel,INFORMACAO,23
üôÑ,OUTROS,23
Bom dia,SAUDACAO,24
N√£o est√° aparecendo a op√ß√£o de selecionar com  NF-e ou sem NF-e. Est√° faturando tudo direto sem NF-e,OUTROS,24
NFC,OUTROS,24
ok,CONFIRMACAO,24
ok,CONFIRMACAO,24
Deu,CONFIRMACAO,24
Bom dia,SAUDACAO,25
veja essa mensagen,OUTROS,25
ok,CONFIRMACAO,25
consigo outra receita,OUTROS,25
ok,CONFIRMACAO,25
Obrigada,AGRADECIMENTO,25
Obrigada Mayllana ...deu certo,AGRADECIMENTO,26
Tenho uma pequena duvida,OUTROS,26
Ap√≥s fechar uma nota onde posso reajustar os pre√ßos?,DUVIDA,26
Onde encontro aquela tela que o XML d√° no final para alterar os valores?,DUVIDA,26
ü§î,OUTROS,26
N√£o precisa mais. ..encontrei,OUTROS,26
Desculpa tomar um pouquinho do seu tempo, mas consta aqui no meu sistema um boleto vencido de sua responsabilidade.,OUTROS,26
√â muito importante regularizar o mais breve poss√≠vel, para evitar multas/juros e at√© a suspens√£o do servi√ßo.,OUTROS,26
Caso necessite de 2¬™ via, posso enviar para seu WhatsApp ou E-mail.,INFORMACAO,26
*Se pagou, por favor desconsidere.* ,OUTROS,26
Grata,,AGRADECIMENTO,26
Bom dia,SAUDACAO,27
Veja qual e o meu usu√°rio da fabrica......p eu acessar..... obg,INFORMACAO,27
Tenio certeza q meu isuario e 8 e minha senha esta correta tb..... a loja sao cristovao eu acesso sem nenhum problema,PROBLEMA,27
Mas a fabrica aparece essa msg???,DUVIDA,27
E entao,OUTROS,27
Pode me ajudar,OUTROS,27
Se fosse a senha diria q a senha ou usuario nao  confere,INFORMACAO,27
Vc pode entrar no meu tean vier e resolver isso agora,DUVIDA,27
Estou precisando acessar o meu sistema da fabrica c urgencia,INFORMACAO,27
Agradeco,AGRADECIMENTO,27
Segue o meu teamviewer,OUTROS,27
Vc pode me responde,OUTROS,27
A Mailana por favor,OUTROS,27
Quem esta ai????,DUVIDA,27
Pode me ajudar,OUTROS,27
Esse zap funciona ou nao????,DUVIDA,27
Eu Zemilda da Agroleste,OUTROS,27
Alguem pode responder,OUTROS,27
Vou falar c Gabriel sobre isso,OUTROS,27
E vai ser agora,OUTROS,27
So ele resolve esse tipo de problema,OUTROS,27
Lanento,OUTROS,27
Lamento,OUTROS,27
Agoara vc me dar Bom dia,OUTROS,27
Que coisa,OUTROS,27
Desagradavel,OUTROS,27
Vc ai lendo todo o meu texto e nao responde,OUTROS,27
Com quem estou falando???,OUTROS,27
Entao moca,OUTROS,27
Estou tentendo acessar a fabrica e nao dar certo... quero saber o que e essa mensagem....,OUTROS,27
O q houve q eu nao entro c minha senha,PROBLEMA,27
Achei o meu usuario e 16....,INFORMACAO,27
E o q esta acontcendo,DUVIDA,27
E ai ahora????,DUVIDA,27
Resolva agora,OUTROS,27
Plis,OUTROS,27
Faca usso mesmo,OUTROS,27
Entao peco q vc Mailanda faca um novo.....,OUTROS,27
O mais rapido possivel,OUTROS,27
E me avisa....,OUTROS,27
Senha para acesso no site no IP: agrolesteloja,,27
No momento nao estou com meu computador.... so final do dia,OUTROS,27
Um instante,OUTROS,27
Bom dia! ,SAUDACAO,28
Preciso falar com o  Reinaldo,INFORMACAO,28
Preciso da sanha pra entrar  no sistema Novo qu√™ ele instalou,INFORMACAO,28
Tem algu√©m dispon√≠vel  pra fazer a apresenta√ß√£o do novo sistema pra mim  pelo teamviwer,INFORMACAO,28
Eu tive qu√™  sair,  e eu  combinei com ele em fazer essa apresenta√ß√£o  pelo teamviwer,INFORMACAO,28
E porque ela ainda t√° como se estivece aberta?,DUVIDA,29
ok,CONFIRMACAO,29
N√£o obrigado!,,29
Bom dia,SAUDACAO,30
N√£o estou conseguindo enviar o arquivo para anvisa,PROBLEMA,30
Essas s√£o as mensagens,OUTROS,30
Gostaria de sua ajuda,OUTROS,30
Bom dia,SAUDACAO,31
Minha pr√© venda n√£o t√° abrindo,PROBLEMA,31
ok,CONFIRMACAO,31
ok,CONFIRMACAO,32
ok,CONFIRMACAO,32
J√° vai,OUTROS,32
N√£o tem,NEGACAO,33
S√≥ n√£o vai zerar s√≥ o zypred col√≠rio e o vigamox colirio,OUTROS,33
Sim,CONFIRMACAO,33
Certo,CONFIRMACAO,33
Tem como tirar do sistema da anvisa,OUTROS,33
Oi bom dia mayllana,SAUDACAO,34
√© do armaz√©m Brasil √© q o certificado digital j√° foi aprovado,INFORMACAO,34
e queria saber o q precisa para terminar o procedimento?,DUVIDA,34
N√£o ainda n√£o,NEGACAO,34
J√° pode comprar?,DUVIDA,34
E qual modelo e marca q vc indica ?,DUVIDA,34
ok,CONFIRMACAO,34
Obg,AGRADECIMENTO,34
Oi,SAUDACAO,34
A impressora j√° foi comprada,INFORMACAO,34
Eu n√£o consegui baixar p mandar p vcs,INFORMACAO,34
Tem como eu mandar o teamviewer,INFORMACAO,34
P vc fazer,OUTROS,34
Id 660203582,INFORMACAO,34
Senha 3797,INFORMACAO,34
Ta e agora,DUVIDA,34
Fa√ßo o q,DUVIDA,34
ok,CONFIRMACAO,34
Sim recebir,CONFIRMACAO,34
Vou pagar em Teresina aqui n√£o paga boleto essa hora. A√≠ deixa p fazer amanh√£.,INFORMACAO,34
ok,CONFIRMACAO,34
Ola Bom dia,SAUDACAO,35
Olha o sistema do computador do caixa ta travando muito hj,PROBLEMA,35
Mais cedo precisei desligar o computador,PROBLEMA,35
To esperando destravar,INFORMACAO,35
Sim,CONFIRMACAO,35
Pronto deu certo,CONFIRMACAO,35
Obg‚úåüèΩ,AGRADECIMENTO,35
Bom dia,SAUDACAO,36
Sou funcion√°ria do com√©rcio o Pile,INFORMACAO,36
Como fa√ßo para excluir intens que n√£o consta no nosso estoque e n√£o vem mais ?.,DUVIDA,36
E caso tenha em cadastro dois dos mesmos intens. Sendo que um dos mesmo consta o c√≥digo de barra. E o outro foi cadastrado sem?.,DUVIDA,36
Ele some da lista de busca de intens ?.,DUVIDA,36
Certo.,CONFIRMACAO,36
Por favor. Me envie seu e-mail para eu encaminhar a planilha de frios.,INFORMACAO,36
Obrigada!.,AGRADECIMENTO,36
Estou lan√ßando NFE at√© s√°bado, mais ou menos isso,INFORMACAO,37
?????,DUVIDA,37
Id.563.086.413 senha.8771,OUTROS,38
A mensagem era estabelecimento inativo,INFORMACAO,38
Quero um atendimento,INFORMACAO,39
Gerar e enviar as vendas para anvisa,INFORMACAO,39
ID 880872418,OUTROS,39
Senha 4758,OUTROS,39
Quero que voc√™ esse primeiro,INFORMACAO,39
Veja se ficou tudo ok e eu continuo,INFORMACAO,39
Bom dia,SAUDACAO,40
Instala√ß√£o ficou marcada  pra que dia ?,DUVIDA,40
Achei que seria hoje,OUTROS,40
Ent√£o ?,DUVIDA,40
Amanh√£ ?,DUVIDA,40
Pois aguardo amanh√£,INFORMACAO,40
Esse e-mail n√£o existe mais,INFORMACAO,41
Pois troca,OUTROS,41
Tenho n√£o,NEGACAO,41
Esse e-mail n√£o √© mais o meu,OUTROS,41
helianacsilva@hotmail.com,INFORMACAO,41
Ok Obrigada,AGRADECIMENTO,41
Emulador,OUTROS,42
E tamb√©m esta cortando papel no emulador,OUTROS,42
S√≥ no emulador esse problema.,INFORMACAO,42
????,DUVIDA,42
BOA,CONFIRMACAO,42
ok,CONFIRMACAO,42
Preciso que resolvam urgente. Estamos com evento na loja,INFORMACAO,43
Bom dia,SAUDACAO,43
??????,DUVIDA,43
opa,OUTROS,43
ok,CONFIRMACAO,43
De certo,CONFIRMACAO,43
N√£o.,NEGACAO,44
esta na tela,INFORMACAO,44
Boa tarde,SAUDACAO,44
e que pode fazer?,DUVIDA,44
o rapaz so volta do almo√ßo. as 15 horas,INFORMACAO,44
estou preocuada se ele n√£o. restaurou,INFORMACAO,44
pedi pra ele antes de fazer ligar pra pra. ir pra saber o que podia restaurar,OUTROS,44
nao abre a tela da venda e a de cadastro do sevidor,PROBLEMA,44
Bom dia.,SAUDACAO,45
Tenho um notebook que s√≥ funciona sistema no mesmo cabo.,INFORMACAO,45
Quando mudo de local n√£o funciona e nem no wi-fi.,PROBLEMA,45
Poderiam habilitar para ser usado no wi-fi?,DUVIDA,45
Vou verificar,OUTROS,45
S√≥ um minuto,OUTROS,45
Vamos l√°,OUTROS,45
ok,CONFIRMACAO,45
N√£o,NEGACAO,45
N√£o,NEGACAO,45
S√≥ um minuto,OUTROS,45
N√£o sei pq ms n√£o conecta,PROBLEMA,45
Sem cabo,OUTROS,45
Removi o cabo,INFORMACAO,45
Esse √© o problema.,OUTROS,45
N√£o sei pq ms n√£o conecta em outro camone nem wireless,PROBLEMA,45
Deu certo,CONFIRMACAO,45
J√° resolvi o problema. Estou usando sistema,CONFIRMACAO,45
certo,CONFIRMACAO,45
Boa tarde,SAUDACAO,46
nao foi aceito,PROBLEMA,46
Bom dia, preciso que me demonstre como realizar reajuste de percentual. Estou reajustando e n√£o esta dando Certo.,OUTROS,47
o arquivo anterior nao foi aceito,INFORMACAO,48
so pode enviar se anterior for aceito?,DUVIDA,48
nao foi validado,NEGACAO,48
nao posso fazer venda?,DUVIDA,48
e gerar?,DUVIDA,48
posso gerar.?nao posso e enviar?,DUVIDA,48
ik,CONFIRMACAO,48
ok,CONFIRMACAO,48
Obrigada,AGRADECIMENTO,48
ok,CONFIRMACAO,48
mandei,CONFIRMACAO,48
mandei pela manha,INFORMACAO,48
vou mandar novamente,INFORMACAO,48
estou indo ao Banco. volto logo,OUTROS,48
cheguei,OUTROS,48
Qual?,DUVIDA,48
viadex ?,DUVIDA,48
acho que dei entrada na mesma receita varias vezes,INFORMACAO,48
ok,CONFIRMACAO,48
ik,CONFIRMACAO,48
ok,CONFIRMACAO,48
Obrigada,AGRADECIMENTO,48
Boa tarde,SAUDACAO,49
ok,CONFIRMACAO,49
ok,CONFIRMACAO,49
Boa tarde,SAUDACAO,50
a Anvisa esta fora do ar?,DUVIDA,50
ok,CONFIRMACAO,50
Obrigada,AGRADECIMENTO,50
Bom dia,SAUDACAO,51
Preciso saber dos meus relatorios de co tas a recebe...,INFORMACAO,51
Do sistema anterior e siatema atual,INFORMACAO,51
Plos,OUTROS,51
Nesse momwnto me encontro na fabrica,OUTROS,51
Vamos analozar esses relatorios.....,OUTROS,51
Ola,SAUDACAO,51
Ola,SAUDACAO,51
Boa tardep,SAUDACAO,51
A Mailana por favor,OUTROS,51
Preciso saber onde se encontra no meu computador os relatorios denco tas a receber,INFORMACAO,51
Vc pode meninformar,DUVIDA,51
Sei,CONFIRMACAO,51
So um instante,OUTROS,51
Nao chegou,NEGACAO,51
Em qual email vc enviou,DUVIDA,51
Meu email.... zemildaaraujo@hotmail.com,INFORMACAO,51
Eatou precisando desses relatorios p agora,OUTROS,51
Plis,OUTROS,51
Ou vc enviou p email da fabricab,INFORMACAO,51
Mas vc encaminhou p email da fabrica,INFORMACAO,51
Nao chegou,NEGACAO,51
Nao chegou,NEGACAO,51
No meu email,OUTROS,51
Oi querida,SAUDACAO,51
Ola,SAUDACAO,51
Entao vamos fazerno meu atendimento,OUTROS,51
Quem e,DUVIDA,51
Agroleste fabrica,OUTROS,51
Entao preciso dos meus relatorios de contas,INFORMACAO,51
A receber do sistema antigo e sistema atual,INFORMACAO,51
Atual de 01.12.2015 ate a pra te data,INFORMACAO,51
E como fica a questao dos cheques q estao pensentea comonpromissorias????,DUVIDA,51
Nao chegou,NEGACAO,51
Minha querida,OUTROS,51
Entao vc envio relatorio repetido,OUTROS,51
Preciso falar c vc,OUTROS,51
Por trlefone enpossivel??,DUVIDA,51
Oi,SAUDACAO,51
Vamos falar no zap mesmo,OUTROS,51
Alo,SAUDACAO,51
Ficou acertado de vc enviar relatorio do sistema anterior de contas a receber de 2001 a 30.11.2015 ou seja  1 dia antes de iniciar o PDV PLUS,OUTROS,51
Certo???,DUVIDA,51
E outro relatorio de contas a receber de 01.12.2015 ate a presente data???,DUVIDA,51
Confere?,DUVIDA,51
E menfale coko iremos resolver as baixas dos cheques,OUTROS,51
E preciso o que p que se ja baixado???,DUVIDA,51
Me instrua como devo baixar,OUTROS,51
Sei,CONFIRMACAO,51
Mas a quantidade de cheques q se encontra em aberto coko nota promossoria a receber  sao muitos,INFORMACAO,51
Estou rapidez nesse relatorio sem cheques,OUTROS,51
A partir de agora sera feito dessa forma,OUTROS,51
Mas os cheque q estao em aberto e voces que tem que resolver,OUTROS,51
Vc resolve,OUTROS,51
Ou eu ligo ou vou direto atenai agora resolber,OUTROS,51
Essa situacao,OUTROS,51
Vx esta entendendo,OUTROS,51
Estou com essa,OUTROS,51
Situacao dificil eno q eu escuto da sua solucao e essa,OUTROS,51
Que atendimwnto e esse,OUTROS,51
Resolva isso agora,OUTROS,51
Ligo o meu tean,OUTROS,51
Nao,NEGACAO,51
Nao,NEGACAO,51
Nao,NEGACAO,51
Por vcs,OUTROS,51
Ai Sim,CONFIRMACAO,51
Vc faz dessa maneira e ampartir de agora,OUTROS,51
Mas vai ficar ainda no registro desse cheque baixado que ele era um cheque???,DUVIDA,51
Ou quando vc baixar todos os cheques eles naonirao aparecer mais como cheques???,DUVIDA,51
Preciso saber dessas informacao muito concreta,OUTROS,51
E registrada tb por email,OUTROS,51
E ai....,OUTROS,51
Nao entendi,OUTROS,51
Entao vc pode baixar todos,OUTROS,51
Me envia seu email q eu envio agora,OUTROS,51
Certo,CONFIRMACAO,51
Entendido,CONFIRMACAO,51
Entendo,CONFIRMACAO,51
clicar em agendar e colocar a data, o banco agencia e conta, em o valor dever√° entrar  ser depositado,OUTROS,51
E dai continua fazendo a baixa,OUTROS,51
Ficara sendo baixado dessa maneira q vc orientou...clicar em agendar e colocar a data,INFORMACAO,51
E tal.... ok,CONFIRMACAO,51
Ja vou providenciar,OUTROS,51
Ola,SAUDACAO,51
Oi Maillana,SAUDACAO,51
Alo,SAUDACAO,51
E ai moca,SAUDACAO,51
E esta dando certo???,DUVIDA,51
As baixas??,DUVIDA,51
Entao vou enviar agoranp seu email uma solicitacaode todas as solicitacoes tecnicas domperido de 01.12.2015,OUTROS,51
E aguardo c maior urgencia,OUTROS,51
Hum.....,OUTROS,51
Vc lembra aquele cloente q nos estudamos contas a receber dele Cliente SrEzequiel q debito dele era se 29.000,00 entao depois q vc baixou,OUTROS,51
Os cheque ms so ficou em aberto valor 50,00,OUTROS,51
O vc me diz....,OUTROS,51
Essas suas baixas estao corretas mesmo,OUTROS,51
Entao instale jo meu computador tb....,OUTROS,51
Esse acima e meu tramviewer,OUTROS,51
Ola,SAUDACAO,51
Oba,SAUDACAO,51
E agora nao lembro ainha senha antiga,OUTROS,51
Me ajude a minha senha,INFORMACAO,51
Oba,OUTROS,51
Blz,CONFIRMACAO,51
Agora vai,OUTROS,51
Como parar essa visualozacao???,DUVIDA,51
Blz,CONFIRMACAO,51
Nao fechava,NEGACAO,51
Tem alguma tecla,DUVIDA,51
???,DUVIDA,51
Mas ....,OUTROS,51
Ola,SAUDACAO,51
Agora veio tb os cartoes de credito..,OUTROS,51
????  A receber......,OUTROS,51
Ola,SAUDACAO,51
Boa tarde,SAUDACAO,51
Preciso falar c vc urgente,OUTROS,51
E referente meu relatorio q estou concoliando,OUTROS,51
E esta sirgibdo duvidas,DUVIDA,51
Plis,OUTROS,51
Vc pode me acompanha na minha conciliacao,OUTROS,51
Plis,OUTROS,51
Boa tarde!,SAUDACAO,52
Hoje a impressora hoje ainda n√£o imprimiu, j√° desligamos o sistema √© nada,PROBLEMA,52
J√° desligamos √© ligamos ela √© nada,PROBLEMA,52
Ja,CONFIRMACAO,52
Jaja,OUTROS,52
ok,CONFIRMACAO,52
Olha o que aparece,OUTROS,52
Pronto,CONFIRMACAO,52
Ja liguei,CONFIRMACAO,52
Sim,CONFIRMACAO,52
ok,CONFIRMACAO,52
Deu certo,CONFIRMACAO,52
N√£o!,NEGACAO,52
Obrigado,AGRADECIMENTO,52
Bom dia,SAUDACAO,53
Ainda hoje n√£o conseguimos enviar as informa√ß√µes para a anvisa,INFORMACAO,53
Sempre dando erro,PROBLEMA,53
Tem outro meio?,DUVIDA,53
Vou aguardar contato,OUTROS,53
Bom dia,SAUDACAO,54
Me passa o site pra que possa verificar se o programa de desconto foi liberado,DUVIDA,54
Por favor,OUTROS,54
Bom dia,SAUDACAO,55
Foi enviado boleto pro e-mail,INFORMACAO,55
nayferreira852@hotmail.com,INFORMACAO,55
ok,CONFIRMACAO,55
Bom dia. Segue o comprovante de pagamento,INFORMACAO,56
Ok. Obg,AGRADECIMENTO,56
Oi. Reinaldo j√° chegou?,DUVIDA,56
Pode ser,CONFIRMACAO,56
Ta ok,CONFIRMACAO,56
Boa tarde,SAUDACAO,56
Vou passar,INFORMACAO,56
664021480,INFORMACAO,56
Senha 9097,INFORMACAO,56
√â  p instalar logo a impressora?,DUVIDA,56
A outra impressora foi conectada,INFORMACAO,56
Deu certo,CONFIRMACAO,56
ok,CONFIRMACAO,56
Ola boa tarde,SAUDACAO,57
denovo o sistema ta travando,PROBLEMA,57
N simplismente n responde,PROBLEMA,57
Quamdo vou fechar a venda aparece a mensagem programa nao estar respndendo,PROBLEMA,57
Do jeito q mandei a foto no outro dia pra vc,INFORMACAO,57
Pois ta ok,CONFIRMACAO,57
Quando a dona vir aki vou passar pra ela ta,OUTROS,57
Desde ja obg,AGRADECIMENTO,57
Pronto fiz e fechei ai voltou ao normal,CONFIRMACAO,57
N travou,OUTROS,57
Isso com o fundo,OUTROS,57
Sem o fundo ainda tem um pouco amais q o sistema mas deve ser trocados q vao ficando,OUTROS,57
Mais uma vez obg ta,AGRADECIMENTO,57
Funcion√°ria do Comercial o Pile. Voc√™s ainda iram dar continuidade ao acesso ao nosso sistema agora ?.,DUVIDA,58
Enviamos uma planilha no s√°bado para o e-mail de voc√™s.,INFORMACAO,58
De modo que voc√™s estavam acessando para efetuarem os procedimentos,INFORMACAO,58
Por√©m pararam. Iram ainda dar continuidade ou podemos fazer uso do nosso sistema para dar continuidade as nossas atividades?.,DUVIDA,58
ok,CONFIRMACAO,58
Fico no aguardo.,OUTROS,58
Pronto.,CONFIRMACAO,58
Obrigada. Pode dar continuidade.,AGRADECIMENTO,58
Sim.,CONFIRMACAO,58
Estou ligando mas n√£o atendem,INFORMACAO,59
Por favor pe√ßo que entrem em contato,OUTROS,59
Abram o chamado, pois o sistema n√£o est√° funcionando no caixa,PROBLEMA,59
O sistema n√£o abre,PROBLEMA,59
ok,CONFIRMACAO,59
Essa m√°quina √© a do cx 1,OUTROS,59
Onde n√£o tem impressora,OUTROS,59
Ela n√£o abre o sistema,PROBLEMA,59
A da impressora abriu o sistema agora, pq dava essa tela que vc viu,OUTROS,59
E quem vai atualizar? Vem aqui ou √© pelo TeamViewer?,OUTROS,59
T√¥ indo l√°,OUTROS,59
T√¥ com net,OUTROS,59
Mas vou passar novamente,OUTROS,59
Se precisar falar comigo vou estar com esse celular,INFORMACAO,59
Fixo fica longe,OUTROS,59
O que aconteceu? N√£o abriram o TeamViewer no da impressora n√£o fiscal,DUVIDA,59
Pois tem net,OUTROS,59
At√© abri um site pra ver se era aqui,OUTROS,59
Mandei,INFORMACAO,59
A impressora voltou a funcionar,INFORMACAO,59
S√≥ resta saber esse a√≠ mesmo, que precisa atualizar,OUTROS,59
Agora veja se abre a√≠ nesse outro,OUTROS,59
Ele tamb√©m dava a tela,OUTROS,59
E n√£o abria,OUTROS,59
ok,CONFIRMACAO,59
Vou almo√ßar....j√° t√¥ √© tonta.kkküèÉ‚Äç‚ôÄüèÉ‚Äç‚ôÄüèÉ‚Äç‚ôÄüèÉ‚Äç‚ôÄ,OUTROS,59
Sim,CONFIRMACAO,59
Imprimiu a venda,OUTROS,59
Sim,CONFIRMACAO,59
N√£o consigo preencher a tela para abrir o sistema,PROBLEMA,59
Ficou diferente,OUTROS,59
Kkkk,OUTROS,59
T√° amarelo,OUTROS,59
J√° fiz isso,OUTROS,59
Vou almo√ßar,OUTROS,59
T√¥ tonta de fome,OUTROS,59
Mas deixei a m√°quina pra Helena passar pra vc,OUTROS,59
Id 347 507 190,INFORMACAO,59
Senha 5467,INFORMACAO,59
O qu√™?,DUVIDA,59
Vou l√°,OUTROS,59
T√° estranho,OUTROS,59
N√£o vemos o n√∫mero que digitamos, s√≥ depois de passarmos para outro campo,PROBLEMA,59
J√° acessei,OUTROS,59
T√° na tela o que t√¥ falando,OUTROS,59
Posso fechar?,DUVIDA,59
ok,CONFIRMACAO,59
Sobre a atualiza√ß√£o dos pre√ßos vai ser feito hoje ?,DUVIDA,60
Pois n√£o apareceu em nem uma das tr√™s m√°quina,INFORMACAO,60
ok,CONFIRMACAO,60
ID 880872418,INFORMACAO,61
Senha 8256,INFORMACAO,61
Gere e enviar,OUTROS,61
Depois continuo,OUTROS,61
Veja se esta tudo ok,CONFIRMACAO,61
Foi feito o invent√°rio,INFORMACAO,61
N√£o fiz depois disso,INFORMACAO,61
Veja como est√°,OUTROS,61
Muito Obrigado,AGRADECIMENTO,61
Bom dia,SAUDACAO,62
Come√ßo pagar mensalidade esse m√™s de abril ?,DUVIDA,62
Vcs mandam boleto ?,DUVIDA,62
Pq no meu e-mail s√≥ tem boleto de ades√£o,INFORMACAO,62
ok,CONFIRMACAO,62
ok,CONFIRMACAO,62
Boa tarde, enviei hoje a tarde, o documento para troca de porte da farm√°cia. Eles t√™m cinco dias para resposta,INFORMACAO,63
Ficar no aguardo,OUTROS,63
Drogaria J√∫nior,OUTROS,63
Bom dia !,SAUDACAO,64
Estou  esperando  a  liga√ß√£o do Reinaldo,OUTROS,64
ok,CONFIRMACAO,64
Fone  Centro  33055155,INFORMACAO,64
Sao joaquim 32136169,INFORMACAO,64
N√£o  e pro Reinaldo  ligar depois pra verificar a internet de cada loja,OUTROS,64
Matinha  3213 1446,INFORMACAO,64
Ele est√°  aqui  na loja,OUTROS,64
Boa tarde, gostaria de falar com Erison.,OUTROS,65
Boa tarde, gostaria de falar com Erison.,OUTROS,65
Sobre um coment√°rio que ele fez de uma atualiza√ß√£o prevista para 01/03. Gostaria de saber se j√° esta dispon√≠vel?,DUVIDA,65
Voc√™s j√° tem algo dispon√≠vel para venda externada por dispositivo m√≥vel?,DUVIDA,65
ok,CONFIRMACAO,65
Bom dia,SAUDACAO,66
A farm√°cia popular est√° aparecendo msg,OUTROS,66
Diz que o valor n√£o est√° compat√≠vel,INFORMACAO,66
Mais n√£o mudamos nada,OUTROS,66
Como fa√ßo pra atualizar?,DUVIDA,66
Acabei de receber por e-mail,OUTROS,66
Obrigada,AGRADECIMENTO,66
Bom dia!!! Veja Maylanna hj nao entrou nem fabrica e nem loja sao cristovao???,DUVIDA,67
Nas duas empresas,OUTROS,67
Estou aguardando o meu relatorio das chamados techicos q foram feitas p fabrica desde 01/12/2015 ou seja desde do inicio do novo sistema PDV PLUS,OUTROS,67
E tenho urgencia, pois ja faz mais de 12 dias que eu fiz essa solicitacao p seu email e ate o momento nao tive retorno.....üòò,OUTROS,67
Sera q tenho q falar c sr Gabriel... a respeito disso,OUTROS,67
‚ÄéInfo G2 Zap Mailana.vcf (arquivo anexado),OUTROS,67
Oi Mailana,,, quero q vc trate de assuntos relacionados ao sistema da loja de Timon com Sr Lucas que esta trabalhando na fabrica e pedi p ele ligar e vc e como sera o procedimento da loja de Timon q fechamos semana passada....,INFORMACAO,67
Entao atenda e ele e informe comonprocedermos,OUTROS,67
E tb quero q vc envie meu relatorios das ocorrencias de chamado tecnico da fabrica.....,OUTROS,67
Agradeco a sua atencao,AGRADECIMENTO,67
Bom dia!,SAUDACAO,68
Esse sistema desde ontem a tarde n√£o abre,PROBLEMA,68
Na hora de colocar  a senha ele trava e n√£o conseguimos nem fechar,PROBLEMA,68
Jaja vou ter que desligar o computador,OUTROS,68
Na energia,OUTROS,68
Porque nem o team viewr t√° abrindo,OUTROS,68
Vou tentar abrir novamente ele tamb√©m travando √© quando abrir fica asSim,PROBLEMA,68
Nada t√° abrindo,PROBLEMA,68
Vou falar com ele,OUTROS,68
ok,CONFIRMACAO,68
Bom dia queridos,SAUDACAO,69
Gostaria de saber se o site da Anvisa continua com problemas?,DUVIDA,69
Pois estou tentando enviar informa√ß√µes e n√£o est√° dando,PROBLEMA,69
Certo,CONFIRMACAO,69
Vou aguardar,CONFIRMACAO,69
Certo,CONFIRMACAO,69
Vou tentar mais tarde,OUTROS,69
Ok amore,CONFIRMACAO,69
Entro simüëçüèºüëçüèºüëçüèºüôãüèª‚Äç‚ôÄüôãüèª‚Äç‚ôÄ,OUTROS,69
Bom dia,SAUDACAO,70
Precisa de uma senha, e eu n√£o tenho,INFORMACAO,70
Oi √©  do armaz√©m Brasil quero saber se coloca logo a outra impressora ou vc vai tirar logo o relat√≥rio da impressora antiga,PROBLEMA,71
Oi Reinaldo o q fa√ßo primeiro?,DUVIDA,71
Oi,SAUDACAO,71
A impressora q t√° √© a antiga,INFORMACAO,71
ok,CONFIRMACAO,71
Impressora instalada,INFORMACAO,71
Ligada,INFORMACAO,71
J√° coloquei,INFORMACAO,71
Ta Certo,CONFIRMACAO,71
ok,CONFIRMACAO,71
Obg,CONFIRMACAO,71
T√° bom,CONFIRMACAO,71
Obg viu,AGRADECIMENTO,71
Boa noite,SAUDACAO,71
Ola,SAUDACAO,72
Bom dia olha meu caixa hj n abriu,PROBLEMA,72
Ta com erro,PROBLEMA,72
Ta ok,CONFIRMACAO,72
Agora a questao dos precos,OUTROS,72
Net deu tilte,PROBLEMA,72
Computador do caixa ta liberado,OUTROS,72
Ta ok,CONFIRMACAO,72
Vc ta tendo acesso oa outro computador,OUTROS,72
Consegui abrir o caixa agora,INFORMACAO,72
O reajuste dos valores q milena falou,OUTROS,72
Vc resolveu,OUTROS,72
Continua errado,PROBLEMA,72
Ou mesmo vc alterando ainda tem q ir no item e ajustar,OUTROS,72
Certo entao converse com a milena e explique a ela,OUTROS,72
Estamos com problema no similar o preco,OUTROS,72
Q ta acima do q vedemos,OUTROS,72
Pq so ela tem acesso pra fazer manual e n ta aki,OUTROS,72
Falou com ela,OUTROS,72
Pq daqui a pouco estamos saindo pra almoco ai so 2 da tarde,OUTROS,72
Ta ok,CONFIRMACAO,72
Boa tarde.,SAUDACAO,73
Aqui √© a vilmara. Eu irei dar continuidade juntos a voc√™s com a quest√£o dos frios. Tentei passar um c√≥digo de frios agora. E deu inv√°lido.,PROBLEMA,73
Vou lhe passar a senha √© a id,INFORMACAO,73
Id: 816581486,INFORMACAO,73
4253,INFORMACAO,73
Sim,CONFIRMACAO,73
funcionou.,CONFIRMACAO,73
Vou lhe enviar do outro.,OUTROS,73
Deu Certo.,CONFIRMACAO,73
Nao.,NEGACAO,73
Bom dia!,SAUDACAO,74
Esse probleminha apareceu na hora de ligar o sistema,PROBLEMA,74
Quero saber se posso reiniciar ou vcs ir√£o logo ver do que se trata,DUVIDA,74
Posso reiniciar?,DUVIDA,74
Sim,CONFIRMACAO,75
N√£o consigo abrir a tela alternativa,PROBLEMA,75
ok,CONFIRMACAO,75
Preciso de atendimento,OUTROS,76
Gerei e enviei nao deu Certo,CONFIRMACAO,76
Veja o que gerei e envie se esta correto e se foi aceito,OUTROS,76
venda tamb√©m n√£o consigo,INFORMACAO,76
Preencher os campos,OUTROS,76
ok,CONFIRMACAO,76
ok,CONFIRMACAO,76
Bom dia, gostaria de falar com Lis.,SAUDACAO,77
Ok, aguardo.,CONFIRMACAO,77
LIs me diga o precisa para gerar boleto. J√° esta liberado pelo banco.,DUVIDA,77
certo, e aquela solicita√ß√£o feita sobre recebimento parcial como esta?,DUVIDA,77
Voc√™ testou com tia e contatou que na vers√£o antiga tinha, s√≥ que ficou de providenciar pois nessa vers√£o atual n√£o tem.,OUTROS,77
n√£o tem pagamento e nem recebimento parcial.,INFORMACAO,77
Pois veja ai e me da uma posi√ß√£o pq ela esta precisando muito.,OUTROS,77
Bom dia,SAUDACAO,78
Tenho dois boletos meu e-mail,INFORMACAO,78
De 500,INFORMACAO,78
S√≥ que um deles 14/03,OUTROS,78
E verdade , olhei errado,OUTROS,78
Esta correto,CONFIRMACAO,78
14/04,OUTROS,78
drogaria.junior@hotmail.com,INFORMACAO,79
Bom dia liguei para Anvisa e foi trocado por microporte,OUTROS,79
Certo,CONFIRMACAO,79
Sim,CONFIRMACAO,79
Estou enviando,OUTROS,79
Hoje,OUTROS,80
Voc√™ vai mandar o boleto,OUTROS,80
Pode ser pelo Whatsapp,OUTROS,80
N√£o vi no e-mail,OUTROS,80
Mande o pre√ßo original,OUTROS,80
Sem encargos.  Eu to sem os boletos,OUTROS,80
Ok e envia novas os boletos de Maio a Dezembro,OUTROS,80
Novamente,OUTROS,80
ok,CONFIRMACAO,81
Bom dia, qual numero que consigo entrar em contato com Erison?,DUVIDA,81
Oi boa tarde.sou suiane, gostaria de saber qual o jeito mais pr√°tico para d√° entrada em notas q Reinaldo falou q me explicaria quando tivesse q da entrada.,DUVIDA,82
Sim,CONFIRMACAO,82
ok,CONFIRMACAO,82
Bom dia,SAUDACAO,83
Marcio janiel vaimligar p vc agora ref mu,OUTROS,83
Bom dia,SAUDACAO,85
N√£o encontrei,NEGACAO,85
Com que falo?,DUVIDA,85
N√£o recebi,NEGACAO,85
ok,CONFIRMACAO,85
Obrigada,AGRADECIMENTO,85
Sim,CONFIRMACAO,85
Obrigado,AGRADECIMENTO,85
Oi, vc sabe me dizer como fa√ßo pra inserir um produto no sngpc depois que a nota j√° foi lan√ßada?,DUVIDA,85
N√£o deu Certo,CONFIRMACAO,85
Mas √© do m√™s de dezembro,,85
Ok, Obrigada,AGRADECIMENTO,85
Bom dia,SAUDACAO,86
Veja com rela√ß√£o ao backup externo que ontem n√£o foi feito pois n√£o deu certo digo o backup no HD externo,PROBLEMA,86
Sim,CONFIRMACAO,86
Chamei o t√©cnico fez a limpeza e vamos ter que trocar a fonte,INFORMACAO,86
Mais porque que o problema acontece apenas no sistema INFOG2,OUTROS,86
Estamos tirando nota e n√£o finalizamos a venda pois o sistema da erro?,DUVIDA,86
A√≠ reabro o programa e tiro a nota novamente e ele fecha a venda,PROBLEMA,86
Vou imprimir um relat√≥rio de entrega ou consultar venda e outros relat√≥rios na primeira tentativa o sistema da erro depois reabro e a√≠ ele imprime o relat√≥rio,PROBLEMA,86
Deu certo por enquanto,CONFIRMACAO,86
ok,CONFIRMACAO,86
Ola Bom dia,SAUDACAO,87
Olha o sistema do caixa fechou agora n consigo abrir,PROBLEMA,87
ok,CONFIRMACAO,87
Daqui a quinse minutos fecho e so abre duas ta,OUTROS,87
Ta entao quando eu voltar mando msg ok,CONFIRMACAO,87
Ola,SAUDACAO,87
Se preocupe n,OUTROS,87
N consigo abrir meu caixa,PROBLEMA,87
Aparece essa msg,INFORMACAO,87
Sim,CONFIRMACAO,87
Obg,CONFIRMACAO,87
Boa tarde,SAUDACAO,88
Eu Zemilda,,88
Gostaria de falar c mailana p ela finalizar o servico de ontem,INFORMACAO,88
Instalar o programa da loja,OUTROS,88
Na minha cpu,OUTROS,88
Vamos,CONFIRMACAO,88
Estou aquiüëÄ,OUTROS,88
Certo,CONFIRMACAO,88
üëç,OUTROS,88
Agora quero,OUTROS,88
O meu relatorio de contas a receber sem cheques,INFORMACAO,88
So notas promissorias,INFORMACAO,88
Vamos,CONFIRMACAO,88
Plis,OUTROS,88
E onde esta???,DUVIDA,88
Certo,CONFIRMACAO,88
Oi,SAUDACAO,88
Tem como imprimir um relatorio de notas promissorias baixadas ou excluidas fora do caixa aberto???,DUVIDA,88
Mas como posso destacar as contas q foram baixadas fora do caixa,DUVIDA,88
Eu quero saber se isso aconteceu???,DUVIDA,88
Por isso quero saber se tem esse relatorio,OUTROS,88
Poos eu quero uma alteracao no financeiro q seja essa modalidade,OUTROS,88
Notas baixadas e excluidas direto, sem q o caixa tiver aberto,OUTROS,88
Fale ai c Reinaldo e me retorne dessa alteracao,OUTROS,88
Esse relatorio n pedi,NEGACAO,88
Estou solicotandonagora,OUTROS,88
Bom dia. Vilmara- funcion√°ria do Pile. Por favor, preciso falar com o Reinaldo,SAUDACAO,89
No cadastro 19 voc√™ cadastrou um √≠tem em cima de outro. E o √≠tem que voc√™ cadastrou, j√° existe no c√≥digo 2889.,INFORMACAO,89
Verifique-os,OUTROS,89
Por favor.,OUTROS,89
Realmente n√£o d√° para atendermos,PROBLEMA,89
Ligue para o n√∫mero da juniele. 99247392,INFORMACAO,89
N√£o tem sistema e quando tento ligar no escrit√≥rio aparece essa tela,PROBLEMA,90
Na impressora n√£o fiscal aparece que n√£o t√° recebendo sinal do servidor,PROBLEMA,90
No servidor n√£o tem sinal do sistema,PROBLEMA,90
A luz n√£o t√° acesa,INFORMACAO,90
Mande o boleto para pagamento,OUTROS,90
Lislaine, sa√≠ da loja para almo√ßar e s√≥ voltei agora, o rapaz j√° fez os pagamentos,OUTROS,90
Como falei, j√° deixei no financeiro para hoje, ontem j√° n√£o dava mais tempo,OUTROS,90
Mando o comprovante,OUTROS,90
J√° foi enviado,OUTROS,91
Veja se o Site est√° no ar,OUTROS,92
ok,CONFIRMACAO,92
Obrigada,AGRADECIMENTO,92
Boa tarde,SAUDACAO,93
Como fa√ßo para atualizar os pre√ßos ?,DUVIDA,93
Oj,CONFIRMACAO,93
ok,CONFIRMACAO,93
Boleto do valor mensal , 195,00,,93
N√£o chegou no meu e-mail,,93
ok,CONFIRMACAO,93
Bom dia,SAUDACAO,94
Recebeu os documentos?,DUVIDA,94
Falta alguma coisa?,DUVIDA,94
Qual √© ele???,DUVIDA,94
Bom dia algu√©m pode ligar pra mim,SAUDACAO,95
Bom dia, tenho uma d√∫vida. Quando dou entrada em uma nota por xml onde um produto de fornecedor x est√° cadastrado com UND e em outra ocasi√£o dou entrada por xml de um fornecedor y onde o mesmo produto √© configurando pelo fornecedor com DZ. O que acontece no caso dessa entra quanto a estoque?,DUVIDA,97
Ent√£o nos casos que tiver compensando a compra em outro fornecedor tenho que alterar a configura√ß√£o no sistema pra dar entrada.,DUVIDA,97
ok,CONFIRMACAO,97
qaunto tempo leva?,DUVIDA,97
Boa, 5 maquinas,OUTROS,97
as 14h te passo, esta bem corrido agora.,OUTROS,97
Sim,CONFIRMACAO,97
ok,CONFIRMACAO,97
Faltou energia,INFORMACAO,97
TENTE NOVAMENTE,OUTROS,97
TENTE OS OUTROS AI E ME DIGA,OUTROS,97
E AGORA?,DUVIDA,97
POSSO PASSAR VENDAS NESSE?,DUVIDA,97
Achei,CONFIRMACAO,97
Falta s√≥ dois,OUTROS,97
esse,OUTROS,97
esse,OUTROS,97
Obrigado,AGRADECIMENTO,97
Boa tarde,SAUDACAO,98
Eu Zemilda,OUTROS,98
Preciso falar c vc sobre as portas do moldem,INFORMACAO,98
S√≥ quais portas eu devo abrir no modem,DUVIDA,98
Acessar minhas cameras,OUTROS,98
Preciso acessar meu sistema,INFORMACAO,98
PDV PLUS,OUTROS,98
Loja e fabrica,OUTROS,98
Eno que houve q nao estou conseguindo acessar desde da semana passada,PROBLEMA,98
Veja o que aparece na tela,OUTROS,98
Quero que vc resolva isso agora,OUTROS,98
Preciso urgente acessar meu sistema da fabrica,OUTROS,98
Boa,OUTROS,98
Nao Nao,NEGACAO,98
Eu falei p  vc,OUTROS,98
Qu a Oi,OUTROS,98
Mudou na semana passadano molden,OUTROS,98
Depois do apagao,OUTROS,98
Q ocorreu,OUTROS,98
E eu falei p vc,OUTROS,98
Da mudanca do mdem???,DUVIDA,98
E tb nao acesso o sistema da loja sao criatovao???,DUVIDA,98
Hum,OUTROS,98
E la???,DUVIDA,98
Nao jouve mudanca de modem,INFORMACAO,98
Isso da fabrica,OUTROS,98
E o que houve sao cristovao??? c,OUTROS,98
Segue o meu,OUTROS,98
Vc entro jo da fabrica,OUTROS,98
A ta???,DUVIDA,98
Veja ai qual o meu usuario da loja???,DUVIDA,98
Sim,CONFIRMACAO,98
Entao vejo aqui na agenda,OUTROS,98
Mas eu quero entrar na fabrica e nao estava entrando,OUTROS,98
E fabrica,OUTROS,98
Deu Certo,CONFIRMACAO,98
Certo,CONFIRMACAO,98
Entao ja lhe informo a porta da fabrica,OUTROS,98
Blz,CONFIRMACAO,98
Ola,SAUDACAO,98
Oi maana,SAUDACAO,98
Ja estao liberadas,OUTROS,98
As portas,OUTROS,98
Veja ai,OUTROS,98
Esrou aqui aguardando,OUTROS,98
Estou aqui,OUTROS,98
Sim, ela pode colocar o dns fixo,OUTROS,98
agrolestefabrica.dyndns.org,INFORMACAO,98
Coloque o dns fixon,OUTROS,98
P fabrica,OUTROS,98
Veja e esse ai,OUTROS,98
agrolestefabrica.dyndns.org,INFORMACAO,98
O q apareceu na tela,OUTROS,98
Eramisso q estava ocorrendo na fabrica e na loja,INFORMACAO,98
E o que vc me diz,OUTROS,98
Por que ocorreu isso,DUVIDA,98
Eu quero saber,OUTROS,98
Pois estou trabalhando a distancia da empresa,OUTROS,98
E preciso usar muito esse recurso,OUTROS,98
Sei,CONFIRMACAO,98
Ligue la e fale c ela,OUTROS,98
Sei,CONFIRMACAO,98
Pois ligue 32203100,OUTROS,98
E volte aqui na minha maquina,OUTROS,98
Deu Certo,CONFIRMACAO,98
Obg querida,AGRADECIMENTO,98
Digamos que ocorre de forma imprevis√≠vel.,OUTROS,99
Bom dia Mayllana,SAUDACAO,99
Na verdade √© primeiro caixa que transfere acesso aos demais. Este a√≠ √© apenas para lan√ßamento de notas e cadastramento de produtos. S√≥ usamos para esta finalidade.,INFORMACAO,99
N√£o mo√ßa. Na verdade todos est√£o dando problema. E j√° o computador "m√£e " j√° foi verificado. Ele apresenta outro tipo de erro. Ontem inclusive passei o que estava acontecendo, e eles j√° foram verificado. Falta apenas este √∫ltimo a√≠.,PROBLEMA,99
Este aqui no caso.,OUTROS,99
Ent√£o no caso teremos que trocar ent√£o s√£o os dois ?.tanto do escrit√≥rio,como tamb√©m o do caixa principal, ou seja o computador "m√£e "?.,DUVIDA,99
ok,CONFIRMACAO,99
Boa tarde,SAUDACAO,100
Quando h√° aumento nos medicamentos , a farm√°cia popular tbm atualiza?,DUVIDA,100
Oi mailana, queria tirar redu√ß√£o z e a leitura memorial fiscal tem como vc me ajudar?,DUVIDA,101
N√£o,NEGACAO,101
A mo√ßa q trabalha com o contador pediu,INFORMACAO,101
E a leitura memorial,INFORMACAO,101
Ela tamb√©m pediu p vc mandar o relat√≥rio paf,INFORMACAO,101
Esse tamb√©m n√£o precisa?,DUVIDA,101
Junho,INFORMACAO,101
A impressora √© a nova desde a metade do m√™s de maio,INFORMACAO,101
A impressora antiga foi tirada em maio,OUTROS,101
Ok vou falar p ela,OUTROS,101
ok,CONFIRMACAO,101
Obgada,AGRADECIMENTO,101
Ta ja passo so atender um cliente ok,CONFIRMACAO,102
Pronto,CONFIRMACAO,102
Conexao ruim por isso mandei a senha,OUTROS,102
Obg,CONFIRMACAO,102
Bom dia,SAUDACAO,102
Reinaldo bom dia!. Queria tirar uma d√∫vida. Ser√° poss√≠vel eu cadastrar outros tipos de f√≠gado usando o mesmo c√≥digo?.,DUVIDA,103
Ok. Obrigada.,AGRADECIMENTO,103
Seria poss√≠vel eu cadastrar outros tipos de f√≠gado usando o mesmo c√≥digo?.,DUVIDA,103
Cada item na linha de frios que sejam o mesmo produto. Por√©m de fornecedores diferentes.,OUTROS,103
N√≥s usarmos o mesmo c√≥digo?.,DUVIDA,103
No momento n√£o estou no com√©rcio.,OUTROS,103
N√£o posso.,NEGACAO,103
Certo. Farei isso.,CONFIRMACAO,103
Ligue para o n√∫mero da juniele. 99247392,INFORMACAO,103
Desculpe. Ligue novamente.,INFORMACAO,103
S√≥ um instante,OUTROS,103
Ele est√° ocupado.,OUTROS,103
Pronto.,CONFIRMACAO,103
Pode ligar,CONFIRMACAO,103
Enquanto estiver sendo feito o backup posso abrir o sistema?  Pois demora muito e perco tempo,DUVIDA,104
Preciso atendimento,OUTROS,106
ok,CONFIRMACAO,106
Estou fazendo uma venda diz que da e superior,OUTROS,106
A data que consta aqui √© do dia 11 so que acho que come√ßa dia 3,OUTROS,106
N√£o consigui enviar o arqivo,PROBLEMA,106
N√£o abre,PROBLEMA,106
O que houve?,DUVIDA,106
ok,CONFIRMACAO,106
Muito Obrigada,AGRADECIMENTO,106
Quando pede essa senha,OUTROS,107
E mesma que abro sistema,OUTROS,107
Mesmo que abro sistema,OUTROS,107
Produto cadastrado , mais n√£o aparece na pesquisa,PROBLEMA,107
Outra coisa , pesquisando pelo princ√≠pio ativo n√£o aparece,PROBLEMA,107
Tipo esse se eu colocar itraconazol n√£o aparece que tenho estoque,INFORMACAO,107
Esperando,OUTROS,107
Sistema confuso , pra quem n√£o sabe,OUTROS,107
Tem Net n√£o,INFORMACAO,107
Nem esse aplicativo baixado,OUTROS,107
Baixar ainda,OUTROS,107
Sendo que esse traxonol e mesma itraconazol,OUTROS,107
Coloco itraconazol n√£o aparece esse traxonol,PROBLEMA,107
Pode acessar,OUTROS,107
ok,CONFIRMACAO,107
Um m√©todo de pesquisa mais pr√°tico,OUTROS,107
Que aparece os produtos √© estoque ao mesmo tempo,OUTROS,107
Tem como o produto entrar automaticamente sem precisar pressionar enter na venda,OUTROS,107
Mais esse modo de pesquisa e na parte de caixa,OUTROS,107
Nessa parte onde fica cadastro essas coisas do tipo , uma pesquisa que inclui tudo,OUTROS,107
Mais queria ficar pesquisa e n√£o saindo como folha ou em PDF entende,OUTROS,107
ok,CONFIRMACAO,107
O estoque s√≥ sai essa maneira a√≠ completa ?,DUVIDA,107
ok,CONFIRMACAO,107
Ele n√£o entra,OUTROS,107
Vou bipar,OUTROS,107
Deu Certo,CONFIRMACAO,107
Obrigado,AGRADECIMENTO,107
Por enquanto √© s√≥,CONFIRMACAO,107
Posso encerrar?,DUVIDA,107
Nao,NEGACAO,107
Boa tarde,SAUDACAO,107
Bom dia,SAUDACAO,108
A taxa da Anvisa est√° paga,INFORMACAO,108
Agora como devo agir?,DUVIDA,108
Bom dia,SAUDACAO,108
Gostaria de saber como proceder depois da taxa da Anvisa paga,DUVIDA,108
Obrigada,AGRADECIMENTO,108
Sim,CONFIRMACAO,108
N√£o,NEGACAO,108
N√£o tenho esse boleto,NEGACAO,108
Oi,SAUDACAO,108
Ainda n√£o chegou,NEGACAO,108
Recebi,CONFIRMACAO,108
ok,CONFIRMACAO,108
ok,CONFIRMACAO,108
Estou na matinha,OUTROS,109
Oi o horario do sistema est√°  desconfigurado ta marcando 11:45,PROBLEMA,109
Vou lan√ßar produto novo XML e aparece essa tela...o que significa?,DUVIDA,110
N√£o s√£o todos...mas j√° √© a terceira vez hoje nessa nota,PROBLEMA,110
O estranho √© que agora o produto fica lan√ßado com esse erro,PROBLEMA,110
Vai dar problema depois?,DUVIDA,110
E agora?,DUVIDA,110
Boa  tarde!!! Eu zemilda... a Maylana por favor,SAUDACAO,111
Rrlatorio contas a rceeber.... Certo,CONFIRMACAO,111
E agora eu preciso do movimento de produto,INFORMACAO,111
Na modalidade de todos,OUTROS,111
Sim e diz q nao tem registro,PROBLEMA,111
O que vc me diz,DUVIDA,111
Vc entra jo team vier agora,DUVIDA,111
?,DUVIDA,111
Minha querida, m responda,OUTROS,111
Certo,CONFIRMACAO,111
Aguardo,OUTROS,111
Agora,OUTROS,111
Ola,SAUDACAO,111
To aqui,OUTROS,111
Pois mude,OUTROS,111
To aqui... aguardando vc,OUTROS,111
Maylana eu preciso tambem do relatorio de producao......,INFORMACAO,111
A contabilodade esta precisando desses relatorios o mais rapido possivel,OUTROS,111
Certo,CONFIRMACAO,111
Que horas???,DUVIDA,111
Certo.... fica combinado,CONFIRMACAO,111
Obg,CONFIRMACAO,111
Certo.... atr amanha,CONFIRMACAO,111
Preciso acessar meu sistema e nao estou conseguindo,PROBLEMA,111
Boa tarde,SAUDACAO,111
O que houve c meu sistema,DUVIDA,111
Alo,SAUDACAO,111
Ao,SAUDACAO,111
Alo,SAUDACAO,111
Preciso voltar a cessar meu sistema,PROBLEMA,111
Me responde o que vc fez com meu sistema,DUVIDA,111
Q eu nao acesso mais???,DUVIDA,111
Que msg e essa q ta aparecendo,INFORMACAO,111
???,DUVIDA,111
E agora???,DUVIDA,111
ok,CONFIRMACAO,111
ok,CONFIRMACAO,111
Obg,CONFIRMACAO,111
Boa tarde,SAUDACAO,112
ok, aguardo,CONFIRMACAO,112
olha esse aqui.,OUTROS,112
nesse caso uso simples de 7% e esse produto j√° esta configurada como 7%,INFORMACAO,112
Sim,CONFIRMACAO,112
e se voltar ao normal como vai ficar? ü§îü§î,DUVIDA,112
ok,CONFIRMACAO,112
Boa tarde,SAUDACAO,113
Pois vamos configurar,OUTROS,113
Alo,SAUDACAO,113
Vamos,CONFIRMACAO,113
Quero atendimento p loja  sao cristovao para abrir um outro caixa,INFORMACAO,113
Vamos,CONFIRMACAO,113
E para hoje,OUTROS,113
Quem ta do outro lado e nao rsponde???,DUVIDA,113
Sim,CONFIRMACAO,113
Sim,CONFIRMACAO,113
Sim,CONFIRMACAO,113
Sim,CONFIRMACAO,113
Preciso falr c Mayllanda,OUTROS,113
Vamos,CONFIRMACAO,113
Resolver,OUTROS,113
Quem e???,DUVIDA,113
Preciso ligar agora p Gabriel,OUTROS,113
Me atenda,OUTROS,113
Por fabor,OUTROS,113
Ta demorando muito,OUTROS,113
Com quem estou falando?,DUVIDA,113
Preciso p agora,OUTROS,113
Quero falar c mayllana,OUTROS,113
Estou aguardando,OUTROS,113
Boa tarde,SAUDACAO,113
Esrou aguardando,,113
Boa tarde,SAUDACAO,113
Vamos,CONFIRMACAO,113
Comecar,OUTROS,113
Ta demorando,OUTROS,113
Por quanto tempo ai da tenho q aguardar,DUVIDA,113
Estou fala do c vc desde 14:20,OUTROS,113
Alo,SAUDACAO,113
Estou na loja nesse momento,OUTROS,113
Ola Bom dia,SAUDACAO,114
Estou na duvida sobre como fazer uma venda a prazo pra uma cliente,DUVIDA,114
Eu consigo fazer aki no sistema do meu caixa,INFORMACAO,114
Ou so no de vendas,DUVIDA,114
Prazer marcia,OUTROS,114
Mim ajude por favor,OUTROS,114
Certo,CONFIRMACAO,114
Vou tentae aki,CONFIRMACAO,114
Pronto to em fechar venda,CONFIRMACAO,114
Onde pede a forma de pgto,OUTROS,114
Pronto,CONFIRMACAO,114
Sim so q antes quero colocar o prazo,INFORMACAO,114
Pq ontem fez um mes dessa dessa venda,INFORMACAO,114
Ou seja ja venceu,OUTROS,114
Isso,OUTROS,114
Foi todaa prazo,OUTROS,114
E agora pagou 108,OUTROS,114
Certo,CONFIRMACAO,114
Certo,CONFIRMACAO,114
Entao aki posso fechar,OUTROS,114
Sim,CONFIRMACAO,114
Para 30,OUTROS,114
Pronto fechei,CONFIRMACAO,114
Agora o av,INFORMACAO,114
Certo,CONFIRMACAO,114
Obg,CONFIRMACAO,114
Ta ok,CONFIRMACAO,114
Desde ja obg pela ajuda,AGRADECIMENTO,114
N conseguiria sozinha,OUTROS,114
Essa parte ainda n tinha feito,OUTROS,114
Mais obg ppr tdo,AGRADECIMENTO,114
E tenha um Bom dia,SAUDACAO,114
Bom dia . Vilmara- do comercial o Pile. Estamos com um problema no segundo caixa. Com impressora em conex√£o com o sistema.,PROBLEMA,115
Reinaldo era eu que estava falando com voc√™ pelo celular do L√©o. Voc√™ j√° terminou de verificar o problema do caixa ?.,DUVIDA,115
Bom dia!,SAUDACAO,116
Quero tirar uma d√∫vida...se eu colocar um produto para inativo mas com um tempo compr√°-lo novamente,INFORMACAO,116
Quando for lan√ßar XML ele ser√° reconhecido?,DUVIDA,116
O sistema reconhece mesmo tendo todos os dados?,DUVIDA,116
Caso a resposta seja n√£o, o que fa√ßo? Pois tenho produtos que n√£o tenho mais na loja mas possa vir a comprar novamente com um tempo,DUVIDA,116
Ent√£o XML reconhece... obrigada!!,AGRADECIMENTO,116
Quando coloco um produto inativo, onde encontro ele no sistema???,DUVIDA,116
Onde?,DUVIDA,116
ok,CONFIRMACAO,117
Veja se o arquivos que envie deu certo e se foi aceito,INFORMACAO,118
Boa tarde,SAUDACAO,119
Tive problema com computador que estava sistema , perca total,PROBLEMA,119
Existe op√ß√£o de instalar em computador novo sem perder as informa√ß√µes que j√° tinha .,DUVIDA,119
N√£o,NEGACAO,119
HD foi primeiro a n√£o prestar,INFORMACAO,119
Sim,CONFIRMACAO,119
S√≥ esse notebook,CONFIRMACAO,119
Tenho que d√° entrada em  tudo novamente ?,DUVIDA,119
ok,CONFIRMACAO,119
Vou mandar outra m√°quina,OUTROS,119
Para instalar,OUTROS,119
Pode me mandar endere√ßo mando deixar em Teresina,INFORMACAO,119
N√£o posso migra banco de dados de algu√©m que tenha mesmo sistema,OUTROS,119
N√£o fazem instala√ß√£o indo at√© empresa,OUTROS,119
ah Sim,CONFIRMACAO,119
N√£o precisa um t√©cnico se direcionar at√© local ?,DUVIDA,119
Esta na assist√™ncia  computador , quando receber entro em contato para fazer esse procedimento,INFOG2,119
ok,CONFIRMACAO,119
Oi boa tarde. Tem alguma novidade sobre o cadastro na Anvisa?,DUVIDA,120
Bom dia,SAUDACAO,120
Como devo proceder agora?,DUVIDA,120
Sim,CONFIRMACAO,120
Qual o site de acompanhamento?,DUVIDA,120
Sim confirmado,CONFIRMACAO,121
Oi,SAUDACAO,123
Esse √© pra instalar a pr√© venda,INFORMACAO,123
Esse √© do servidor,OUTROS,123
Boa tarde,SAUDACAO,123
Est√£o,OUTROS,123
Vou v com rapaz e retorno,OUTROS,123
Obrigada,AGRADECIMENTO,123
Bom dia,SAUDACAO,124
Gostaria de falar com lis.,INFORMACAO,124
Vou ver aqui o que fa√ßo e aviso,OUTROS,124
Vou pensar aqui √© te aviso.,OUTROS,124
Boa  tarde,SAUDACAO,125
Estou precisando meu sistema e nao esta dando certo.. veja o que aparece na tela,PROBLEMA,125
Vc quer meu team,OUTROS,125
Oi,SAUDACAO,125
Pode falar,CONFIRMACAO,125
Bom dia,SAUDACAO,126
Meu bem vc poderia mandar o boleto da farmacia pre√ßo popular de passagem franca,OUTROS,126
Neste e-mail,OUTROS,126
Myllystore16@gmail.com,INFORMACAO,126
problemas novamente,PROBLEMA,127
Impressora fiscal com o sistema.,OUTROS,127
Boa tarde!.,SAUDACAO,127
Certo.,CONFIRMACAO,127
Bom dia!!,SAUDACAO,128
Quero abrir um chamado mas o telefone s√≥ d√° ocupado,INFORMACAO,128
Liguei e o Gabriel disse para eu falar logo com vcs para ser atendida,OUTROS,128
Cadastro de produtos,OUTROS,128
Vou pesquisar e da erro fechando o sistema,PROBLEMA,128
√â urgente,OUTROS,128
Cadastrando produtos,OUTROS,128
üëç obrigado!,AGRADECIMENTO,128
Veja meu s arquivo enviado,INFORMACAO,130
Verifiquei so quero que voc√™ veja a situa√ß√£o pra que eu fico traquila,OUTROS,130
So pra conferir,OUTROS,130
Ja fiz,CONFIRMACAO,130
So quero que voc√™ a situa√ß√£o la,INFORMACAO,130
Ja sei fazer,CONFIRMACAO,130
Quero que voc√™ veja se foi aceito porque data 03 3 e ja esta em dias,INFORMACAO,130
ok,CONFIRMACAO,130
O √∫ltimo gerado foi 25 de  mar√ßo,INFORMACAO,130
Envie,OUTROS,130
Acabei de enviar,CONFIRMACAO,130
ok,CONFIRMACAO,130
Bom dia,SAUDACAO,131
Abra chamado para instala√ß√£o do sistema,INFORMACAO,131
Computador novo chegou,OUTROS,131
ok,CONFIRMACAO,131
T√°,CONFIRMACAO,131
N√£o,NEGACAO,131
ok,CONFIRMACAO,131
Deu Certo,CONFIRMACAO,131
Obrigado,AGRADECIMENTO,131
Psr parte ruim,OUTROS,131
T√° Certo,CONFIRMACAO,131
√â  s√≥  o e-mail, na anvisa √©  meu nome ue consta,OUTROS,132
N√£o,NEGACAO,132
Bom dia,SAUDACAO,133
Envio para anvisa,OUTROS,133
ok,CONFIRMACAO,133
Bom dia,SAUDACAO,134
Pra instalar a pr√© venda,OUTROS,134
Hum instante,OUTROS,134
Pode mexer,CONFIRMACAO,134
Est√° desocupado,OUTROS,134
N√£o deu certo ?,DUVIDA,134
Tentaremos mais tarde ent√£o,OUTROS,134
Boa tarde,SAUDACAO,134
Troquei a Net,OUTROS,134
Vamos tentar novamente,OUTROS,134
Obrigada,AGRADECIMENTO,134
Um instante,OUTROS,134
Tudo Certo,CONFIRMACAO,134
Obrigada,AGRADECIMENTO,134
Sobre a atualiza√ß√£o dos pre√ßos?,DUVIDA,134
ok,CONFIRMACAO,134
ok,CONFIRMACAO,135
Entendi üëçüèª,CONFIRMACAO,135
Bom dia!!!! A 10 d pediu p lucas solicitar uma corrcao no relatorio no contas a receber..... veja e ferado uma notanpromissoria  e qdo cliente paga c cheque no ato da baixa e do lancamwnto do cheque e gerado a mesma fatura..... isso r absurdo..... ja faz tempo q esse problema vem ocorrido e vc mesmo falou q tinha corrigo c Dona Edilene.....entao preciso retirar meus relatorios de contas a rceber..... lucas nao esta mais na empresa..... qualquer contato... Direto comigo.... ou recado falar Janiel, Raila (caixa) .....,OUTROS,136
Dai vc falounp Sr Lucas q faria essa alteracO no prazo de 10 dias e ja se passaram 30 dd....Espero co ntar com a sua atncaono,OUTROS,136
Mais tapido poss√≠vel....,OUTROS,136
Obg,CONFIRMACAO,136
Ola boa noitr,SAUDACAO,137
Ola Bom dia,SAUDACAO,137
O problema do boleto ja foi resolvido?,DUVIDA,137
Dona milena ja mandou alguma msg pra vcs,OUTROS,137
A respeito,OUTROS,137
Bom dia!.,SAUDACAO,138
Gostaria de falar com o Reinaldo,OUTROS,138
para tirar uma d√∫vida quanto aos frios.,DUVIDA,138
Tem como ele colocar o c√≥digo 752 e converter para 85?,DUVIDA,138
Certo,CONFIRMACAO,138
Sim. Foi isso que pensei. Por√©m dar sa√≠da em um estoque se torna suspeito. Principalmente na quantidade que h√° no c√≥digo 752.,OUTROS,138
Acho que vou inativa-lo.,OUTROS,138
Mecher no estoque √© uma a√ß√£o n√£o recomend√°vel,OUTROS,138
N√£o √© bem assim que funciona Srta. N√£o posso tirar um estoque de um c√≥digo. Que isto se refere a dar sa√≠da. Mesmo que seja transfer√™ncia. Como estoque mesmo j√° est√° errado. Vou apenas inativar o c√≥digo 752, e utilizar o c√≥digo 85,PROBLEMA,138
N√£o.,NEGACAO,138
Obrigada de qualquer forma.,AGRADECIMENTO,138
Bom dia !.,SAUDACAO,138
Eu sei. Por isso que antes de lan√ßar a nota resolvi tirar a d√∫vida. O estoque do c√≥digo 752ja existia. Foi antes do Reinaldo cadastrar. Por√©m o Leo esqueceu de emitir a ele este c√≥digo,OUTROS,138
Obrigada!!,AGRADECIMENTO,138
Sim.,CONFIRMACAO,138
J√° fiz isso.,CONFIRMACAO,138
J√° fiz isso.,CONFIRMACAO,138
Bom dia!,SAUDACAO,139
Manda meu boleto para hoje,INFORMACAO,139
ok,CONFIRMACAO,139
Fui fechar uma venda,OUTROS,139
O que faco?,DUVIDA,139
Errei,NEGACAO,139
ok,CONFIRMACAO,141
Segunda feira,OUTROS,141
Bom dia,SAUDACAO,142
Gostaria de uma informa√ß√£o sobre o Dropbox que foi instalado no computador ele faz os backups do sistema autom√°tico?,DUVIDA,142
Ele faz diariamente ?,DUVIDA,142
Eu abri para observar o √∫ltimo dia foi dia 24,INFORMACAO,142
ok,CONFIRMACAO,142
ok,CONFIRMACAO,142
Certo,CONFIRMACAO,142
Diariamente eu executo ele ne,OUTROS,142
Certo,CONFIRMACAO,142
Obrigado,AGRADECIMENTO,142
Boa tarde,SAUDACAO,143
Apareceu pra fazer uma atualiza√ß√£o autom√°tica, j√° seria a atualiza√ß√£o dos pre√ßos?,DUVIDA,143
N√£o estou conseguindo sngpc,PROBLEMA,143
Obrigada,AGRADECIMENTO,143
Farm√°cia popular n√£o est√° abrindo,PROBLEMA,143
Bom dia,SAUDACAO,144
Como fa√ßo pre venda,DUVIDA,144
Abrir chamado,OUTROS,144
Quero ajuda,INFORMACAO,144
Pra mudar isso,INFORMACAO,144
N√£o quero asSim,CONFIRMACAO,144
Quero saber tbm onde fa√ßo pre venda,DUVIDA,144
?,DUVIDA,144
N√£o entendi,NEGACAO,144
N√£o,NEGACAO,144
Quero assim n√£o,NEGACAO,144
e assim msm,OUTROS,144
Entendi,CONFIRMACAO,144
Bom dia,SAUDACAO,145
Boa tarde,SAUDACAO,146
Como fa√ßo pra ver quanto eu vendi no m√™s todo?,DUVIDA,146
Ok,CONFIRMACAO,146
N√£o entendi direito,NEGACAO,146
Deu certo, esse total a vista j√° √© junto com o recebimento?,DUVIDA,146
Nessa outra op√ß√£o n√£o consegui ver,NEGACAO,146
Bom dia,SAUDACAO,147
Meu patr√£o comprou um produto sem nota,INFORMACAO,147
J√° cadastrei e n√£o consigo colocar estoque,PROBLEMA,147
Como fa√ßo?,DUVIDA,147
N√£o escutei ü§≠,NEGACAO,147
Posso,CONFIRMACAO,147
N√£o,NEGACAO,147
S√≥ 1,INFORMACAO,147
Ok,CONFIRMACAO,147
Obrigada,AGRADECIMENTO,147
Tudo bem,CONFIRMACAO,147
Bom dia,SAUDACAO,148
No papel do fechamento,OUTROS,148
Tem assim DINHEIRO e o valor, tem o TROCO logo em seguida e mais em baixo tem a FORMA DE PAGAMENTO "DINHEIRO DIGITADO",INFORMACAO,148
O valor do dinheiro mais acima t√° somado com o valor do troco que difere a forma do dinheiro digitado. Pq t√° assim? N√£o t√° errado somar com o troco?,DUVIDA,148
Pois √©,CONFIRMACAO,148
T√° diferente,OUTROS,148
Olha a√≠,OUTROS,148
At√© a√≠ tudo bem,OUTROS,148
Mais a menina aqui t√° questionando √© isso bem aqui,INFORMACAO,148
O dinheiro a√≠ t√° somado com o valor do troco,INFORMACAO,148
A√≠ t√° somando o valor que foi digitado, que foi o dinheiro do caixa com o valor do troco. Ela t√° questionando o pq que a somando se foi troco que n√£o tem nada haver,PROBLEMA,148
Entendi,CONFIRMACAO,148
Ent√£o na parte de cima mostra o que aconteceu no sistema. No resumo mostra mais espec√≠fico.,INFORMACAO,148
Entendi,CONFIRMACAO,148
Obrigada,AGRADECIMENTO,148
Bom dia,SAUDACAO,149
Vou verificar,CONFIRMACAO,149
Ok,CONFIRMACAO,149
Bom dia,SAUDACAO,150
Sem querer apaguei o programa do farm√°cia popular,PROBLEMA,150
Pode instalar pra mim novamente?,DUVIDA,150
Boa tarde,SAUDACAO,151
Mayllana ficamos sem internet nesse momento,OUTROS,151
Quando voltar te aviso,OUTROS,151
Bom dia,SAUDACAO,152
Mayllana pode concetar pra resolver a quest√£o do cupom? Jordane Elifarma Esperantina,DUVIDA,152
Ok,CONFIRMACAO,152
S√≥ os √©ticos, alguns gen√©ricos pq depende do laborat√≥rio. Similar e gen√©rico dos outros laborat√≥rios s√£o nosso pre√ßo,INFORMACAO,152
Ok,CONFIRMACAO,152
Deu certo,CONFIRMACAO,152
Obrigada,AGRADECIMENTO,152
Bom dia,SAUDACAO,153
O site da NF-e t√° fora do ar?,DUVIDA,153
Vou tentar aqui novamente,OUTROS,153
Se aparecer de novo o erro te falo, √© que eu desliguei o roteador e liguei novamente pra ver se d√° certo,OUTROS,153
Ok,CONFIRMACAO,153
Deu certo,CONFIRMACAO,153
N√£o,NEGACAO,153
Obrigada,AGRADECIMENTO,153
Bom dia,SAUDACAO,154
Ontem foi dado entrada em uma nota e apareceu os produtos que poderiam ser associados ou cadastrados, quando fui associar o primeiro que eu voltei pra tela desapareceu os outros produtos. S√≥ que o valor da nota bateu e quando fui revisar os pre√ßos faltou 3 produtos,PROBLEMA,154
N√£o, geralmente s√≥ verificamos o valor da nota. Os produtos verificamos quando vamos revisar os pre√ßos,INFORMACAO,154
Vou olhar,CONFIRMACAO,154
Faltou mesmo os produtos,INFORMACAO,154
E apareceu a mais seis unidades de um produto,INFORMACAO,154
Pode cancelar essa nota?,DUVIDA,154
Foi N√£o,NEGACAO,154
Como cancela?,DUVIDA,154
Estorna n√©?,DUVIDA,154
Deu certo,CONFIRMACAO,154
Obrigada,AGRADECIMENTO,154
Ok,CONFIRMACAO,154
Boa tarde,SAUDACAO,155
O PDV j√° est√° com um tempinho asSim,CONFIRMACAO,155
Posso reiniciar?,DUVIDA,155
Bom dia,SAUDACAO,156
Lislayne, tem como vc me ligar??,DUVIDA,156
Pq tou ligando e √± t√° dando certo,OUTROS,156
Ok,CONFIRMACAO,156
Tenta nesse,OUTROS,156
Boa tarde,SAUDACAO,156
S√≥ um momento,OUTROS,156
Como fa√ßo pra lan√ßar a nfe, pelo o sistema?,DUVIDA,156
Ok,CONFIRMACAO,156
Aguardando,OUTROS,156
Bom dia,SAUDACAO,157
O sistema do caixa √± t√° abrindo, depois de ontem a foi instalado o sistema A1,PROBLEMA,157
Boa tarde,SAUDACAO,158
√ë tou conseguindo abrir o sistema em um computador,PROBLEMA,158
Ata,CONFIRMACAO,158
Mais ele colocou a nova senha,INFORMACAO,158
S√≥ a internete,OUTROS,158
Foi alterado,OUTROS,158
Mudou a internet,OUTROS,158
Ok,CONFIRMACAO,158
√ë fui informada antes, sobre isso,OUTROS,158
Ok,CONFIRMACAO,158
Boa tarde,SAUDACAO,159
√ë tou conseguindo, finalizar vendas pois s√≥ dar erro....,PROBLEMA,159
Em alguns itens eu consigo, mais a maioria √± finaliza,INFORMACAO,159
Bom dia,SAUDACAO,160
Sim preciso,CONFIRMACAO,160
QSE TODOS MEDICAMENTOS EST√ÉO ASSim,CONFIRMACAO,160
Entendo,CONFIRMACAO,160
Eh pq eu j√° dou entrada, na nota direto pelo xml e j√° vai direto..,INFORMACAO,160
E msm assim continua dando erro,PROBLEMA,160
Ok,CONFIRMACAO,160
Ok,CONFIRMACAO,160
Deu certo,CONFIRMACAO,160
Obrigado,AGRADECIMENTO,160
Certo,CONFIRMACAO,160
Muito Obrigado,AGRADECIMENTO,160,,160
Boa tarde,SAUDACAO,161
Referente √†s mensalidade...,OUTROS,161
Pq √± foi encontrando aki no e-mail,OUTROS,161
Tem como vcs reenviar, novamente,OUTROS,161
Por favor,OUTROS,161
Bom dia,SAUDACAO,162
Ok,CONFIRMACAO,162
Obrigado!,AGRADECIMENTO,162
At√© o momento,  √± chegou aki no email.,INFORMACAO,162
Se √± colocar .br no final √± dar Certo,PROBLEMA,162
Ok,CONFIRMACAO,162
Aguardo,CONFIRMACAO,162
√ë tem op√ß√£o, pra baixar link,OUTROS,162
Deu certo agora,CONFIRMACAO,162
Muito Obrigado,AGRADECIMENTO,162
Bom dia,SAUDACAO,163
N√£o estou mais conseguindo dar entrada na mercadoria pelo xml,INFORMACAO,163
Sim podemos,CONFIRMACAO,163
Essa atualiza√ß√£o faz por a√≠? Ou fa√ßo aki?,DUVIDA,163
Ok,CONFIRMACAO,163
Vcvc pode ligar no fixo,INFORMACAO,163
Pq esse hr eh outra funcion√°ria,OUTROS,163
Ok,CONFIRMACAO,163,,163
Bom dia,SAUDACAO,164
Tem como,eu tirar uma nota de devolu√ß√£o de um produto de uma nota fiscal???,DUVIDA,164
Certo,CONFIRMACAO,164
Boa tarde,SAUDACAO,165
√ë estou conseguindo emtir uma nota fiscal de devolu√ß√£o,INFORMACAO,165
Bom dia, alguma op√ß√£o no sistema que a venda seja conclu√≠da no balc√£o para que n√£o possa ser editada.,OUTROS,166
Bom dia, no balc√£o.,OUTROS,166
Ok Obrigado,AGRADECIMENTO,166
Avise pro Erison enviar um email para Campo Forte, n√£o chegou.  campoforte2017@hotmail.com,INFORMACAO,166
Boa tarde,SAUDACAO,167
Como fa√ßo pra tirar uma nota de devolu√ß√£o de um so produto??,DUVIDA,167
√ë,NEGACAO,167
Tou aki no sistema denotas fiscal,OUTROS,167
Oi,SAUDACAO,167
Sim,CONFIRMACAO,167
Momento,OUTROS,167
Abriu,CONFIRMACAO,167
Mulher, pois eu so uso esse,INFORMACAO,167
Sim tenho certificado Sim,CONFIRMACAO,167
Amanha eu entro em contato com vcs!!,OUTROS,167
Por nda,OUTROS,167
Boa tarde!!,SAUDACAO,168
Acabei de enviar o e mail contendo a renova√ß√£o do certificado digital da M. E. NOGUEIRA PARENTE - ME,INFORMACAO,168
Que tem vencimento amanh√£..,INFOG2,168
E o funcionamento do antigo s√≥ ser√° at√© as 9:30h,OUTROS,168
Bom dia,SAUDACAO,169
Quero colocar o sistema de NFe,INFORMACAO,169
Certo,CONFIRMACAO,169
Boa tarde,SAUDACAO,169
E √± tou conseguindo,PROBLEMA,169
Bom dia,SAUDACAO,170
Sim ele me passou um,CONFIRMACAO,170
Pode Sim,CONFIRMACAO,170
Oi,SAUDACAO,170
Pode me ligar?,DUVIDA,170
Ok,CONFIRMACAO,170
Bom dia,SAUDACAO,171
Sim,CONFIRMACAO,171
Como fa√ßo pra ver os relat√≥rios de todos os clientes,DUVIDA,172
Do ano 2005 at√© hj,INFORMACAO,172
Pra cobran√ßas,INFORMACAO,172
Relat√≥rios de d√©bitos atrassados,INFORMACAO,172
Ok,CONFIRMACAO,172
Esta carregando ainda,INFOG2,172
Sim,CONFIRMACAO,172
Obrigado,AGRADECIMENTO,172
Bom dia,SAUDACAO,173
√ë estou conseguindo enviar as notas fiscais,INFORMACAO,173
T√°,CONFIRMACAO,173
A Internet t√° normal,OUTROS,173
√ë fOi,NEGACAO,173
Oi,SAUDACAO,173
Ok,CONFIRMACAO,173
√ë Deu certo,NEGACAO,173,,173
Ok vou deixar,CONFIRMACAO,173
T√° bom,CONFIRMACAO,173
Vou aguardar,CONFIRMACAO,173
Boa tarde,SAUDACAO,173
Boa tarde,SAUDACAO,174
√ë consigo enviar as notas fiscais,PROBLEMA,174
Ok deu certo Obrigado,AGRADECIMENTO,174
S√≥ dar pra imprimir duplicadas,INFORMACAO,174
Pede o modelo da carta como fa√ßo,DUVIDA,174
Boa tarde,SAUDACAO,175
S√≥ √± consigo imprimir o relat√≥rio,INFORMACAO,175
Sim,CONFIRMACAO,175
Sim,CONFIRMACAO,175
√ë,NEGACAO,175
Imprimiu,INFORMACAO,175
Agora da para imprimir normal?,DUVIDA,175
Ok,CONFIRMACAO,175
Boa tarde,SAUDACAO,176
Como fa√ßo pra fazer  uma nota de devolu√ß√£o do produto,DUVIDA,176
Faltou um produto na nota tenho que mandar uma nota de devolu√ß√£o,INFORMACAO,176
Ok,CONFIRMACAO,176
Ok,CONFIRMACAO,176
Coloquei,INFORMACAO,176
E agora,OUTROS,176
Pede o cnpj,OUTROS,176
Coloquei,INFORMACAO,176
Deu erro interno,PROBLEMA,176
Ok,CONFIRMACAO,176
Na nota √© esse mesmo,OUTROS,176
√ë entendi,NEGACAO,176
Ok,CONFIRMACAO,176
Coloquei,INFORMACAO,176
Ok,CONFIRMACAO,176
Esta em operacional,OUTROS,176
Ok,CONFIRMACAO,176
Deu certo,CONFIRMACAO,176
N√£o,NEGACAO,176
Obrigada,AGRADECIMENTO,176
Boa tarde,SAUDACAO,176
Boa tarde Mailana,,, tentei acessar e nao entrou....por favor.....,PROBLEMA,177
Ligue na segunda na fabrica e fale c Janiel  p ele lhe informarno tean vier da cpu p vc consertar.... Obg,INFORMACAO,177
Bom final de semana,OUTROS,177
Bom dia,SAUDACAO,178
Quero cancelar uma nota de devolu√ß√£o e fazer outra,INFORMACAO,178
J√° se inspirou,OUTROS,178
A data,OUTROS,178
Quero enviar outra,INFORMACAO,178
Onde come√ßo,DUVIDA,178
Onde coloco o fornecedor,DUVIDA,178
Tem como mudar o c√≥digo e coloca 488151,DUVIDA,178
O mesmo da nota fiscal,OUTROS,178
Um momento,OUTROS,178
Mas √± tem como incluir ele,OUTROS,178
A forma de pagamento coloco  outros,OUTROS,178
Boa tarde,SAUDACAO,179
Como fa√ßo pra colocar o nome do vendedor no sistema,OUTROS,179
Ok,CONFIRMACAO,179
√ë encontrei o PLUS pdv,INFORMACAO,179
O colaborador quero dizer,INFORMACAO,179
Ok,CONFIRMACAO,179
Bom dia!!,SAUDACAO,180
Aguardando altera√ß√£o do certificado digital no sistema..,OUTROS,180
Boa tarde,SAUDACAO,180
Ok,CONFIRMACAO,180
Vai precisar de acesso nos nossos computadores?,DUVIDA,180
N√£o tenho como testar agora, pq aqui fechamos para o almo√ßo,OUTROS,180
Certo, assim q abrirmos, testo e dou um retorno pra vcs..,OUTROS,180
Obg,AGRADECIMENTO,180
Bom dia,SAUDACAO,181
√ë estou conseguindo entrar no sistema,PROBLEMA,181
J√° Deu certo,CONFIRMACAO,181
Muito obg,AGRADECIMENTO,181
Bom dia,SAUDACAO,181
Bom dia,SAUDACAO,182
Gostaria q desse uma olhada pra mim, pq das contas que criei no financeiro tem uma q n√£o consigo emitir relat√≥rio,INFORMACAO,182
N√£o √© no contas a pagar..,NEGACAO,182
√â uma conta do financeiro como Caixa Geral, Banco, etc,INFORMACAO,182
Boa tarde..,SAUDACAO,183
J√° tem algum posicionamento em rela√ß√£o ao pagamento parcial q estava dando erro??,DUVIDA,183
Bom dia,SAUDACAO,184
Estamos ansiosos para ser atendidos..,OUTROS,184
Ol√° Lislayne,SAUDACAO,184
Queria uma previs√£o do ajuste em contas a pagar parcialmente..,INFORMACAO,184
Fiquei com erro em um pagamento q fiz parcial..,PROBLEMA,184
Certo Lys,CONFIRMACAO,184
Obg,AGRADECIMENTO,184
Tem q parar o atendimento no caixa?,DUVIDA,184
Ent√£o vou verificar com o Igor o melhor hor√°rio,OUTROS,184
Sexta feira as 14:00,OUTROS,184
Bom dia!!,SAUDACAO,185
Gostaria de pedir q reenviasse o boleto (agosto) com data atualizada pra pagamento hj..,INFORMACAO,185
E n√£o entendi pq me mandaram dois boletos com venc no mesmo dia..,DUVIDA,185
Sendo q no m√™s passado cobramos de vcs o envio de boleto perguntando se n√£o tinha boleto em aberto, e vcs disseram q n√£o..,INFORMACAO,185
Sim, mas sendo com multas e juros.. e n√£o vejo raz√£o para q eu fa√ßa pagamento de tal forma..,INFORMACAO,185
Ent√£o, como fa√ßo?,DUVIDA,185
Aguardo novo boleto?,DUVIDA,185
Ok,CONFIRMACAO,185,,185
Boa tarde,SAUDACAO,186
Algu√©m poderia acompanhar comigo um lan√ßamento feito que ao q pude perceber deixou o saldo errado..,INFORMACAO,186
Ok,CONFIRMACAO,186,,186
Ol√° Bom dia,SAUDACAO,187
Podes acessar agora??,DUVIDA,187
Deixa eu te mostrar e explicar o que fiz..,OUTROS,187
Posso ligar?,DUVIDA,187
Boa tarde,SAUDACAO,188
sei que voc√™s falaram precisamos trocar o servidor. Mas no momento n√£o ser√° poss√≠vel devido ao per√≠odo mais corrido no com√©rcio. E justamente ele n√£o est√° totalizando o cupom,INFORMACAO,188
Voces podem nos ajudar ?.,DUVIDA,188
Nao est√° totalizando,INFORMACAO,188
So  instante,OUTROS,188
Estou finalizando uma venda na pr√©-venda. J√° lhe passo,INFORMACAO,188
So um momento,OUTROS,188
O com√©rcio esta lotado.,OUTROS,188
Bom dia!!,SAUDACAO,189
Nossos problemas no sistema continua...,PROBLEMA,189
Sem acesso a fun√ß√£o transa√ß√µes..,INFORMACAO,189
Impressoras fiscal sem imprimir, apenas cortando papel o tempo todo..,INFORMACAO,189
Ontem fim de expediente n√£o conseguimos imprimir relat√≥rios de fechamento de nenhum dos caixas.,INFORMACAO,189
Emulador e Migrate,OUTROS,189
Hj consegui imprimir as aberturas..,INFORMACAO,189
Mas estamos sem acesso a transa√ß√µes do emulador,INFORMACAO,189
√â pra ter, n√£o sei se foi configurado corretamente, pq a pessoa q fez n√£o est√° hj na loja..,INFORMACAO,189
Est√° com o usu√°rio n¬∫ 5,OUTROS,189
Ok, viu verificar..,CONFIRMACAO,189
Vou tentar, mas se vc me der o caminho fica mais f√°cil..,CONFIRMACAO,189
Ok!,CONFIRMACAO,189
Deixa eu te perguntar:,OUTROS,189
Uma vez que eu coloco um usu√°rio pra uma fun√ß√£o, depois eu posso alterar mudando apenas o nome.??,DUVIDA,189
Ah entendi..,CONFIRMACAO,189
Qual rela√ß√£o entre cadastro de colaborador e perfil?,DUVIDA,189
Entendi,CONFIRMACAO,189
Ok,CONFIRMACAO,189
N√£o, obrigada!!,NEGACAO,189
Entao preciso falar c Reinaldo,INFORMACAO,190
E O Reinaldo?,DUVIDA,190
Entao baixei umas notas promissorias no caixa de sabado a tarde na fabrica... mas na hora do total eu n digitei um po to e dai sai total de 19.000.000,00,OUTROS,190
E logo fale c contabilodade e josue pediu p eu flar c suporte,OUTROS,190
Entao eu quero q vc me ajude a corrigir esse valor......,INFORMACAO,190
E possivel???,DUVIDA,190
Tb eu quero conversar pessoalmente c vc.....,OUTROS,190
Podemos marcar o mais rapido possivel na fabrica....,OUTROS,190
Ou posso ir direto no escritorio de vcs,OUTROS,190
E possivel!,OUTROS,190
Entao????,DUVIDA,190
O janjel se encontra na fabrica. Esse momento.... dai vc pode ver c ele atraces do tean vier,OUTROS,190
E ai!!!!!!,OUTROS,190
E possivel corrigir esse valor,OUTROS,190
Dai vc fala c janiel,OUTROS,190
O caixa e de sabado q foi aberto as aprox...14:00,OUTROS,190
Entao!!!!,OUTROS,190
Mas eu preciso marcar uma reuniao c Reinaldo p alguns esclarecimentos do sistema.....,INFORMACAO,190
E preciso tambem das,INFORMACAO,190
Alteracoes p solicitei p vcs....,INFORMACAO,190
Me fale algo,OUTROS,190
No horario da tarde de quarta... pode ser,INFORMACAO,190
Bom dia,SAUDACAO,191
E a vez do centro,OUTROS,192
Oj meu amigo,OUTROS,192
Estou seo o boleto voc√™  pode mandar uma segunda via,  sem  juros pra hoje,INFORMACAO,192
Boa tarde!,SAUDACAO,192
Pede pro reinaldo colocar o numero do telefone no cupom 86 32131446 se puder,INFORMACAO,192
Bom dia,SAUDACAO,193
T√¥ com esse erro,PROBLEMA,193
Nos sistema,OUTROS,193
N√£o finalizar a venda,PROBLEMA,193
Nesse terminal,INFORMACAO,193
S√£ consigo finalizar no servidor,INFORMACAO,193
√£ feito sempre,OUTROS,193
Isso n√£o dar Certo,PROBLEMA,193
No servidor,OUTROS,193
No terminal n√£o finalizar,OUTROS,193
Sim,CONFIRMACAO,193
Isso,CONFIRMACAO,193
Ol√°,SAUDACAO,194
Bom dia,SAUDACAO,194
Queria abri um chamado,OUTROS,194
A instala√£√£o de um programa pbn,OUTROS,194
Em um outro computador,OUTROS,194
Mas vai demorar,OUTROS,194
Ol√°,SAUDACAO,194
Bom dia,SAUDACAO,194
N√£o,NEGACAO,194
√â o outro n√£o t√£ ligando,INFORMACAO,194
Eu qro que colocasse,INFORMACAO,194
Terminal,OUTROS,194
Estamos s√≥ com o servidor,INFORMACAO,194
O computador,OUTROS,194
√â s√≥ o pbm do portal da drogaria,INFORMACAO,194
O portal da drogaria pra finalizar as vendas estava no outro computador,INFORMACAO,194
Sim,CONFIRMACAO,194
S√¥ o programa aqui,INFORMACAO,194
ok,CONFIRMACAO,194
T√£ pronto,CONFIRMACAO,194
Pode continuar,CONFIRMACAO,194
Sim,CONFIRMACAO,194
ok,CONFIRMACAO,194
Posso usar,CONFIRMACAO,194
Mas o √∫ltimo n√£o saiu,INFORMACAO,194
Vou procurar aqu,INFORMACAO,194
S√≥ o fiscal,INFORMACAO,194
Dar Certo,CONFIRMACAO,194
Sim,CONFIRMACAO,194
Pode usar,CONFIRMACAO,194
J√°,CONFIRMACAO,194
E o computador n√£o liga,PROBLEMA,194
O Vinicius j√° recolheu,INFORMACAO,194
T√° bom,CONFIRMACAO,194
Vamos fazer,CONFIRMACAO,194
N√£o,NEGACAO,194
Faz e cancelar,OUTROS,194
Tem problema n√£o,OUTROS,194
Como ficou,OUTROS,194
N√£o,NEGACAO,194
N√£o,NEGACAO,194
Pq o valor,OUTROS,194
T√° maio,OUTROS,194
Q o pmc,OUTROS,194
T√° Certo,CONFIRMACAO,194
ok,CONFIRMACAO,194
S√≥ cancelar,OUTROS,194
Agora,OUTROS,194
S√≥ Obrigado,AGRADECIMENTO,194
Bom dia,SAUDACAO,194
Estou com pdv,INFORMACAO,194
Que n√£o est√° abrindo,PROBLEMA,194
Tem Sim,CONFIRMACAO,195
Em outra m√°quina,INFORMACAO,195
J√° tentei,CONFIRMACAO,195
N√£o deu Certo,CONFIRMACAO,195
So ela,OUTROS,195
Bom dia,SAUDACAO,196
Estou dificuldades pra emetir uma nota em CPF do cliente,PROBLEMA,196
Boa tarde,SAUDACAO,197
Sim Jos√©.,CONFIRMACAO,197
Sim,CONFIRMACAO,197
Qro,CONFIRMACAO,197
Como?,DUVIDA,197
N√£o entedi,DUVIDA,197
Por nada,OUTROS,197
Bom dia,SAUDACAO,198
Preciso de um atendimento,INFORMACAO,198
Agora,OUTROS,198
Sistema n√£o t√° abrindo,INFORMACAO,198
J√° vai,OUTROS,198
ok,CONFIRMACAO,198
Obrigado,AGRADECIMENTO,198
??,DUVIDA,198
Preciso instalar uma impressora para imprimir as notas fiscais pois fica dif√≠cil atualizar os valores mudando de tela e agora esse problema a√≠ me atrapalhou muito,PROBLEMA,199
Estou com a age lan√ßada mas com valores errados,PROBLEMA,199
Instalem por favor pois mudar de umabtela para outra sempre que quiser atualizar pre√ßos fica muito dif√≠cil,INFORMACAO,199
O rapaz que me vendeu instalou foi no meu notebook,CONFIRMACAO,199
Eu n√£o estava aqui,OUTROS,199
Joselio recebeu,OUTROS,199
E agora? Ele instalou pela Net pois Joselio disse que n√£o deixou nada e estava era na Net,DUVIDA,199
n√£o imprimiu o lan√ßamento da nota ontem,OUTROS,199
Deixei para hoje pq j√° estava dando aquele erro no sistema,OUTROS,199
Se n√£o foi vc que me atendeu ontem a tarde eu n√£o sei dizer qual √© pois era coisa do sistema,OUTROS,199
N√£o entendo,DUVIDA,199
So que como a impressora n√£o imprimiu ficou dif√≠cil para mim,INFORMACAO,199
Pois tenho que imprimir para ajeitar os valores,INFORMACAO,199
Quem me atendeu ontem e quem esta me atendendo agora,OUTROS,199
Mayllana qual a diferen√ßa na instala√ß√£o?,DUVIDA,199
N√£o acredito....,OUTROS,199
Quando instalaram a outra que eu tinha aqui, que n√£o era fiscal, nada haver com cupim, foi a mesmo coisa at√© que tive que imprimir uma venda,INFORMACAO,199
Ontem aconteceu um barraco aqui devido isso tamb√©m,OUTROS,199
A cliente queria que imprimissemos um cupim que a ciclo mandou de uma venda de 460,00,OUTROS,199
pois veja isso antes que ela chegue ou vamos ter que aprender a rezar,OUTROS,199
Instala√ßao,OUTROS,199
Ser√° que vou ter que sair da infog2 pq quando preciso de algo que n√£o seja erro do sistema, onde tenho que ficar ligando e desligando computadores,mandando teamviewer pois n√£o vem t√©cnico aqui, isso o cliente da infog2 tem que aceitar,OUTROS,199
N√£o comprei com e pago por um sistema que so me atenda por telefone, isso tamb√©m ser√° uma regra da Dirceu Variedades, ent√£o ter√£o que mandar um t√©cnico sempre que eu precisar de assist√™ncia,OUTROS,199
Os clientes aqui n√£o querem e n√£o aceitam regras onde saiam sem seus direitos, me diga ent√£o como resolver esse tipo de problema?,DUVIDA,199
Sobre a instala√ß√£o da impressora, n√≥s n√£o fazemos esse tipo de procedimento. Por√©m dessa vez ser√° feito, na pr√≥xima voc√™ realmente ter√° de chamar um t√©cnico. Essa recess√£o foi aberta pra voc√™, mas exclusivamente est√° vez.,OUTROS,199
Bom dia,SAUDACAO,200
Sistena n√£o abrir,PROBLEMA,200
T√° enviando,OUTROS,200
Terminal,OUTROS,200
Isso,CONFIRMACAO,200
Servidor t√° funcionando,PROBLEMA,200
Olha no terminal,INFORMACAO,200
tem a msg de erro,INFORMACAO,200
Sim,CONFIRMACAO,200
J√° tentei,CONFIRMACAO,200
N√£o abrir,OUTROS,200
Perai,OUTROS,200
Vai dar Certo,CONFIRMACAO,200
T√° bom,CONFIRMACAO,200
Obrigado,AGRADECIMENTO,200
Sim,CONFIRMACAO,200
Pode Sim,CONFIRMACAO,200,
ok,CONFIRMACAO,200
Bom dia,SAUDACAO,200